{"covalent_threshold":1.5,"best_model_step":0,"_timestamp":1.7528764003539898e+09,"best_model_epoch":0,"epoch":0,"_wandb":{"runtime":114},"batch_spearmanr":0.39046746760584217,"train_dataset_size":4131,"trainable_parameters":234788,"batch_mae":3.8663389682769775,"batch_loss":17.448585510253906,"non_covalent_threshold":7.5,"step":23,"total_parameters":234788,"val_dataset_size":516,"best_val_r2":-10.960665702819824,"batch_pearsonr":0.31858447194099426,"_runtime":114,"batch_r2":-5.344674110412598,"_step":25}