{
  "dataset_size": 188,
  "grid_shape": [
    19,
    64,
    64,
    64
  ],
  "feature_statistics": {
    "channel_0": {
      "mean": 0.0,
      "std": 0.0,
      "max": 0.0,
      "min": 0.0,
      "nonzero_fraction": 0.0
    },
    "channel_1": {
      "mean": 0.09512786567211151,
      "std": 0.2321537435054779,
      "max": 2.379199266433716,
      "min": 0.0,
      "nonzero_fraction": 0.3340034484863281
    },
    "channel_2": {
      "mean": 0.025084208697080612,
      "std": 0.0960923582315445,
      "max": 1.503214716911316,
      "min": 0.0,
      "nonzero_fraction": 0.16426137153138506
    },
    "channel_3": {
      "mean": 0.041402604430913925,
      "std": 0.12061377614736557,
      "max": 1.624846339225769,
      "min": 0.0,
      "nonzero_fraction": 0.2599415271840197
    },
    "channel_4": {
      "mean": 1.0242657481285278e-05,
      "std": 0.00193051400128752,
      "max": 1.0,
      "min": 0.0,
      "nonzero_fraction": 8.319286589926861e-05
    },
    "channel_5": {
      "mean": 0.0007969102007336915,
      "std": 0.017272552475333214,
      "max": 1.223130226135254,
      "min": 0.0,
      "nonzero_fraction": 0.006240499780533162
    },
    "channel_6": {
      "mean": 0.0,
      "std": 0.0,
      "max": 0.0,
      "min": 0.0,
      "nonzero_fraction": 0.0
    },
    "channel_7": {
      "mean": 0.0,
      "std": 0.0,
      "max": 0.0,
      "min": 0.0,
      "nonzero_fraction": 0.0
    },
    "channel_8": {
      "mean": 0.17479774355888367,
      "std": 0.2785467803478241,
      "max": 2.3483967781066895,
      "min": 0.0,
      "nonzero_fraction": 0.46707644361130735
    },
    "channel_9": {
      "mean": 0.40142038464546204,
      "std": 0.7792248129844666,
      "max": 6.856365203857422,
      "min": 0.0,
      "nonzero_fraction": 0.4265892962191967
    },
    "channel_10": {
      "mean": 0.47921958565711975,
      "std": 0.8508111834526062,
      "max": 6.941402435302734,
      "min": 0.0,
      "nonzero_fraction": 0.4790401255830805
    },
    "channel_11": {
      "mean": 0.13586494326591492,
      "std": 0.3018946647644043,
      "max": 6.15408992767334,
      "min": 0.0,
      "nonzero_fraction": 0.37222334679136887
    },
    "channel_12": {
      "mean": 0.08167371153831482,
      "std": 0.2119711935520172,
      "max": 2.2473273277282715,
      "min": 0.0,
      "nonzero_fraction": 0.30674869456189746
    },
    "channel_13": {
      "mean": 0.014711535535752773,
      "std": 0.10716672241687775,
      "max": 2.6593217849731445,
      "min": 0.0,
      "nonzero_fraction": 0.05198158101832613
    },
    "channel_14": {
      "mean": 0.0,
      "std": 0.0,
      "max": 0.0,
      "min": 0.0,
      "nonzero_fraction": 0.0
    },
    "channel_15": {
      "mean": 0.0,
      "std": 0.0,
      "max": 0.0,
      "min": 0.0,
      "nonzero_fraction": 0.0
    },
    "channel_16": {
      "mean": 0.024413257837295532,
      "std": 0.1353306770324707,
      "max": 2.6593217849731445,
      "min": 0.0,
      "nonzero_fraction": 0.08461911627586852
    },
    "channel_17": {
      "mean": NaN,
      "std": NaN,
      "max": NaN,
      "min": NaN,
      "nonzero_fraction": 0.4807597424121613
    },
    "channel_18": {
      "mean": -0.3372196555137634,
      "std": 0.5145743489265442,
      "max": 0.0,
      "min": -3.7273850440979004,
      "nonzero_fraction": 0.4810099906109749
    }
  },
  "grid_occupancy": [
    0.1357315465023643,
    0.19294919465717517,
    0.1815189562345806,
    0.20018406918174342,
    0.12328178004214638,
    0.12089357878032483,
    0.22205754330283717,
    0.2229670474403783,
    0.16509186594109787,
    0.17587440892269737,
    0.19007532220137746,
    0.1642749184056332,
    0.2058360451146176,
    0.1585996527420847,
    0.16982409828587583,
    0.2305713452790913,
    0.18287879542300575,
    0.21742529618112663,
    0.2158606679815995,
    0.15462353355006167,
    0.2921576248972039,
    0.08013675087376644,
    0.15486747340152138,
    0.14818010832134046,
    0.22119000083521792,
    0.15003826743678042,
    0.20543269107216283,
    0.20537446674547696,
    0.17411984895405017,
    0.15313981708727384,
    0.301788330078125,
    0.17898860730622945,
    0.17513696770918996,
    0.1743762367650082,
    0.25324229190224096,
    0.17422866821289062,
    0.14581479524311267,
    0.18062691939504524,
    0.1564586037083676,
    0.29224395751953125,
    0.23564308568050987,
    0.24523062455026726,
    0.17818270231548108,
    0.19033211155941612,
    0.18494475515265213,
    0.22434676320929275,
    0.1208445900364926,
    0.28653676886307566,
    0.212194141588713,
    0.22426565069901316,
    0.2341754311009457,
    0.1324051304867393,
    0.20836257934570312,
    0.17561982807360196,
    0.21676695974249588,
    0.3533578169973273,
    0.24158377396432976,
    0.35945290013363485,
    0.30851404290450246,
    0.26039946706671463,
    0.25277388723273025,
    0.18667743080540708,
    0.3547620271381579,
    0.24342587119654605,
    0.13485235916940788,
    0.14623140033922696,
    0.37891789486533717,
    0.2119247034976357,
    0.19519926372327304,
    0.21121276052374588,
    0.19245027240953946,
    0.2859081469084087,
    0.2837281478078742,
    0.26804833663137334,
    0.28510324578536184,
    0.2900733947753906,
    0.17764442845394737,
    0.1493626644736842,
    0.1598412363152755,
    0.16300703349866366,
    0.15900320755807976,
    0.16487201891447367,
    0.19441705001027962,
    0.22428552727950246,
    0.2252141049033717,
    0.16093605443050987,
    0.17023568404348274,
    0.16499047530324837,
    0.17849088969983554,
    0.2183697349146793,
    0.2242443687037418,
    0.27157291613127055,
    0.2735798484400699,
    0.2712643271998355,
    0.27634209080746297,
    0.16497983430561267,
    0.2815089978669819,
    0.28286020379317434,
    0.159912109375,
    0.18742169831928454,
    0.1755935267398232,
    0.2380983453047903,
    0.21118947079307154,
    0.20616892764442846,
    0.24107079756887337,
    0.28400220369037826,
    0.2898206208881579,
    0.22799040141858554,
    0.16148577238384046,
    0.1635121797260485,
    0.1607716209010074,
    0.2361958152369449,
    0.17023347553453946,
    0.19949963218287417,
    0.1666729575709293,
    0.20421981811523438,
    0.1542408591822574,
    0.33719635009765625,
    0.19061339528937088,
    0.20609664916992188,
    0.11204287880345394,
    0.12896106117650083,
    0.10686412610505756,
    0.19254323055869654,
    0.20262306614925987,
    0.17720794677734375,
    0.22124963057668587,
    0.1873889722322163,
    0.23701216045178866,
    0.2128603081954153,
    0.21152596724660774,
    0.17954956857781662,
    0.10165666279039885,
    0.21976952803762337,
    0.1885984320389597,
    0.2348729183799342,
    0.10205379285310444,
    0.1049601906224301,
    0.1033628363358347,
    0.1028906169690584,
    0.16083506533974096,
    0.1664932652523643,
    0.2011923539011102,
    0.18291573775442024,
    0.3696295085706209,
    0.21223269010844983,
    0.21108286004317434,
    0.18760299682617188,
    0.18362507067228617,
    0.18205622622841283,
    0.23903174149362663,
    0.2370159751490543,
    0.23454525596217105,
    0.1854039242393092,
    0.1690410814787212,
    0.1638388382761102,
    0.160308837890625,
    0.2303928576017681,
    0.2387544732344778,
    0.1962844447085732,
    0.18708520186574837,
    0.18480240671258225,
    0.23811601337633634,
    0.2876731471011513,
    0.2025242855674342,
    0.17359603078741775,
    0.28802128842002467,
    0.30003035695929275,
    0.1770007484837582,
    0.23621388485557154,
    0.222248679713199,
    0.18823322496916117,
    0.18668405633223684,
    0.23933651572779605,
    0.2392132407740543,
    0.3401938990542763,
    0.19777558979235196,
    0.19408577366879112,
    0.14485369230571546,
    0.27433013916015625,
    0.1399839300858347,
    0.2763414884868421,
    0.1832016392758018,
    0.1632278843929893,
    0.27794004741467926,
    0.173314747057463,
    0.19508201197574013,
