Model,Test_MSE,Test_MAE,Test_R2,Training_Time
LightweightAttentionCNN,1.3576049675205757,0.9371988409808998,-0.42514012362128395,190.4073088169098
StableMultiComponentCNN_Attention,1.0767809029781967,0.7834223070792083,-0.1303462390727641,140.97383522987366
MemoryEfficientCNN_Attention,1.6239670562362416,0.9961329838582154,-0.7047526096698178,94.89014863967896
