Model,Test_MSE,Test_MAE,Test_R2,Training_Time
HybridCNNGNN,0.8206427746528335,0.7549754465801706,0.13853368741454075,5189.417057752609
StableMultiComponentCNN,1.5480332809128676,0.9834224746305624,-0.6250414473358865,132.54200863838196
MemoryEfficientCNN,0.9908210955321637,0.8018706680179156,-0.040110291546854304,88.49308919906616
SimpleBindingCNN,0.8878194830083357,0.8159187068552549,0.06801521942080879,195.94409942626953
