Model,Test_MSE,Test_MAE,Test_R2,Training_Time
StableMultiComponentCNN,1.3563500246165776,0.9504002479129824,-0.42382275256848945,179.59295082092285
MemoryEfficientCNN,2.0404182970231344,1.0938982139502107,-1.1419205539365467,91.63642692565918
SimpleBindingCNN,0.9683027800657207,0.8438829445633395,-0.0164717842819615,199.81226992607117
