{
    "RandomForest": {
        "train_r2": 0.9990301800786985,
        "test_r2": 0.9899128593776454,
        "train_rmse": 0.08499855882637647,
        "test_rmse": 0.2591995045937413,
        "train_mae": 0.044494238687500555,
        "test_mae": 0.1097157941408463,
        "train_pearsonr": [
            0.9995385555045979,
            7.957418598611775e-213
        ],
        "test_pearsonr": [
            0.9950538936966321,
            8.80824464322669e-47
        ],
        "train_spearmanr": [
            0.9997281454491018,
            8.583093791308873e-229
        ],
        "test_spearmanr": [
            0.9993639796988554,
            8.343528220780556e-67
        ],
        "cv_r2_mean": 0.9946838662015389,
        "cv_r2_std": 0.0022695629532777477,
        "time": 4.582705736160278
    },
    "ExtraTrees": {
        "train_r2": 0.9991281981894269,
        "test_r2": 0.9833758240258078,
        "train_rmse": 0.08058883824536178,
        "test_rmse": 0.33275163126922114,
        "train_mae": 0.03956041798641687,
        "test_mae": 0.15335809101434786,
        "train_pearsonr": [
            0.9996028717296289,
            2.3501915882127105e-217
        ],
        "test_pearsonr": [
            0.9928325360957164,
            3.6285126988079506e-43
        ],
        "train_spearmanr": [
            0.9998308939721858,
            4.034717191932443e-243
        ],
        "test_spearmanr": [
            0.9971089927046262,
            5.090629178282846e-52
        ],
        "cv_r2_mean": 0.9685366874210489,
        "cv_r2_std": 0.02215914276870614,
        "time": 3.513482093811035
    },
    "GradientBoosting": {
        "train_r2": 1.0,
        "test_r2": 0.991492414493213,
        "train_rmse": 1.4385864858092465e-08,
        "test_rmse": 0.23804183577054716,
        "train_mae": 1.2229234787951028e-08,
        "test_mae": 0.11098179544121846,
        "train_pearsonr": [
            0.9999999999999997,
            0.0
        ],
        "test_pearsonr": [
            0.9958738159056291,
            1.5047975434187633e-48
        ],
        "train_spearmanr": [
            0.9999571890318103,
            1.3921449210924565e-284
        ],
        "test_spearmanr": [
            0.9983232164707496,
            2.450927838114425e-57
        ],
        "cv_r2_mean": 0.9965347760149754,
        "cv_r2_std": 0.0018495331633356872,
        "time": 26.92316746711731
    },
    "Ridge": {
        "train_r2": 0.7039947541461928,
        "test_r2": -0.19019962590920025,
        "train_rmse": 1.4849632836508881,
        "test_rmse": 2.8155291897924695,
        "train_mae": 1.2320814517233376,
        "test_mae": 2.3051149823109878,
        "train_pearsonr": [
            0.8415835188762302,
            5.2507754870080327e-39
        ],
        "test_pearsonr": [
            0.2364415999955357,
            0.10957782722143405
        ],
        "train_spearmanr": [
            0.8343372727913252,
            9.013702992500054e-38
        ],
        "test_spearmanr": [
            0.12541196898674017,
            0.4009348558366841
        ],
        "cv_r2_mean": 0.14184633165673718,
        "cv_r2_std": 0.10953640625224739,
        "time": 0.16960859298706055
    },
    "ElasticNet": {
        "train_r2": 0.3609929410335534,
        "test_r2": 0.1639083330558514,
        "train_rmse": 2.1818196040768467,
        "test_rmse": 2.3598102163578525,
        "train_mae": 1.8386377349538001,
        "test_mae": 2.0166546354585617,
        "train_pearsonr": [
            0.6010893317410537,
            3.259610600003408e-15
        ],
        "test_pearsonr": [
            0.43930744481846357,
            0.002005791470462994
        ],
        "train_spearmanr": [
            0.540883209674549,
            4.395893653465942e-12
        ],
        "test_spearmanr": [
            0.4424978324829519,
            0.0018429783657894266
        ],
        "cv_r2_mean": 0.2783898907011708,
        "cv_r2_std": 0.0396514839180683,
        "time": 0.10537576675415039
    }
}