{
  "metadata": {
    "timestamp": 1754896733.9449825,
    "molecular_system": {
      "name": "water",
      "n_qubits": 14,
      "n_electrons": 10,
      "exact_energy": -75.01250626334813
    },
    "vqe_config": {
      "max_iterations": 200,
      "optimizer": "adam",
      "learning_rate": 0.01,
      "n_layers": 3,
      "backend": "lightning.qubit"
    }
  },
  "ground_state": {
    "energy": -74.40080656652711,
    "parameters": [
      1.5705409159991959,
      5.478078899436125,
      4.929043826602057,
      4.714081154043328,
      1.5713307991639252,
      0.0001737462016405704,
      1.5705833947271266,
      6.283169549078784,
      4.793726708071846,
      3.5487338020595165,
      -1.1687033856226934,
      6.420791853649461,
      4.924462581062001,
      0.06252877309249089,
      1.3939063386324924,
      0.8799421184132729,
      1.6114021315746805,
      2.2617158058989406,
      2.373002585795549,
      1.5918775237772804,
      4.715428259370772,
      0.024096004320940154,
      1.5375614630781669,
      2.6598289361968486,
      1.7695270888210826,
      6.230699570298866,
      1.5824977776498623,
      3.164103958531695,
      3.1409121747059836,
      1.5710932192915572,
      3.934673748366864,
      1.417164947614025,
      0.0016865704195698308,
      6.283743850462856,
      5.088071859003733,
      6.1054179081744175,
      1.234163977408083,
      -0.058578555186452594,
      4.770164059508565,
      1.9807962369285497,
      1.6409984583676338,
      2.9772395862473005,
      1.5461828440143939,
      6.215174787092014,
      1.5499455977144354,
      3.150436557038877,
      1.424927911237494,
      3.934985337392746,
      4.445081884227503,
      2.8742221597332334,
      6.3458941457609725,
      5.166580701814193,
      6.094763423400376,
      6.358888367328127,
      4.900816395350964,
      3.7411144725550245,
      1.5704416389629487,
      0.5045125671520453,
      -0.00011475523387637632,
      2.084727744931158,
      1.5710925573517787,
      3.000316036853298,
      4.707041845157238,
      3.5977894483477164,
      1.5768131186915058,
      3.575829835658229,
      1.5678626300477798,
      6.075417111941807,
      1.5445038539447509,
      5.382722177598896,
      4.736217095984089,
      2.268463306827352,
      1.4854244918165815,
      4.726904228461344,
      4.711201224791994,
      3.76422811838112,
      4.710698252870792,
      -0.3328653201506796,
      1.6052922542284327,
      1.0683698085468636,
      4.712561968765437,
      3.1932448614399744,
      1.570233298445396,
      1.3880426467764124,
      3.141248735413907,
      3.1419269602852085,
      5.124674877126048,
      4.435744203241815,
      4.770475828998939,
      1.660185780240084,
      1.4525461057590288,
      4.733000271325669,
      4.651751850576881,
      2.273689056930575,
      6.4595154161911,
      2.891527236403899,
      4.050507380755808,
      2.4907427975758787
    ],
    "optimization_history": [
      -46.05025544901803,
      -46.24319695160406,
      -46.43858508562029,
      -46.637048588694014,
      -46.83864544755073,
      -47.04327832977884,
      -47.25094854933401,
      -47.461649861185364,
      -47.675249523231166,
      -47.891483311044254,
      -48.109992061434674,
      -48.33035725201134,
      -48.55214150415968,
      -48.77494191861839,
      -48.99843181768921,
      -49.222361748943335,
      -49.44655862994226,
      -49.67096038435943,
      -49.89567250834402,
      -50.121023099526894,
      -50.34756403755575,
      -50.575968612407976,
      -50.80688739395119,
      -51.0408632453995,
      -51.27830435101781,
      -51.51947456491869,
      -51.76449155155697,
      -52.01333932688009,
      -52.26589525820624,
      -52.521964494475064,
      -52.78131494378244,
      -53.043708338053406,
      -53.30892418757732,
      -53.576774159585796,
      -53.84710589543395,
      -54.11979731498638,
      -54.39474376468954,
      -54.671840593525495,
      -54.95096395871257,
      -55.2319534546708,
      -55.51460062678215,
      -55.79864647697462,
      -56.08378877616731,
      -56.36969752245458,
      -56.6560353517805,
      -56.94247943483206,
      -57.22874190054508,
      -57.514586287962864,
      -57.79983729161311,
      -58.084380246766735,
      -58.36814686847043,
      -58.651087134308895,
      -58.933134398525766,
      -59.21417714193405,
      -59.49404947515824,
      -59.77254370656846,
      -60.049439632864335,
      -60.32454252783969,
      -60.59772398321988,
      -60.868962543077316,
      -61.13838153860567,
      -61.40627926554645,
      -61.673143665414294,
      -61.93964356078847,
      -62.20659303388445,
      -62.4748918734635,
      -62.745449650214084,
      -63.0191041749255,
      -63.29654743341726,
      -63.578271730456905,
      -63.86454473281643,
      -64.15541595664104,
      -64.45074948621898,
      -64.75026759275792,
      -65.05358369344638,
      -65.36021271304415,
      -65.66956826068545,
      -65.98096520414326,
      -66.29363523619733,
      -66.60675027687239,
      -66.91944477218334,
      -67.23082763278529,
      -67.53997712741034,
      -67.84592393658436,
      -68.14764361434547,
      -68.44407879064332,
      -68.73418553363138,
      -69.01697371141339,
      -69.29151677138978,
      -69.55693210319066,
      -69.81235136700606,
      -70.05690720859441,
      -70.28975918546193,
      -70.51016145530548,
      -70.71755108249597,
      -70.91162467558732,
      -71.09237350976073,
      -71.26006444252903,
      -71.41518092176265,
      -71.55835403653285,
      -71.69030838216693,
      -71.81183140211614,
      -71.92375822229398,
      -72.02695874563494,
      -72.1223225688149,
      -72.21074339662772,
      -72.29310020046137,
      -72.37022789597086,
      -72.44287479273811,
      -72.51165817682586,
      -72.57704087834304,
      -72.63934313789821,
      -72.69878059742001,
      -72.75550510767087,
      -72.80963180803123,
      -72.86125309313852,
      -72.91044916062958,
      -72.957299362506,
      -73.0018905411112,
      -73.04431956251105,
      -73.0846935917954,
      -73.12313292725493,
      -73.15977535264429,
      -73.19477592839722,
      -73.22829859971428,
      -73.2605028509455,
      -73.29153200124806,
      -73.32150686981643,
      -73.35052390889761,
      -73.37865562027783,
      -73.40595301803945,
      -73.43245109606244,
      -73.45817649777959,
      -73.48315424893396,
      -73.50741094933878,
      -73.53097483062044,
      -73.55387488059627,
      -73.57614009303981,
      -73.59779839649627,
      -73.61887548977624,
      -73.63939505760045,
      -73.65938077588251,
      -73.67885817696433,
      -73.69785442842613,
      -73.7163966476052,
      -73.73451083330582,
      -73.75222202128535,
      -73.76955453897476,
      -73.78653174671103,
      -73.80317591565213,
      -73.81950858382473,
      -73.83555071628139,
      -73.85132227909575,
      -73.86684183280313,
      -73.8821265950589,
      -73.89719245794159,
      -73.91205348232585,
      -73.92672136774647,
      -73.94120558969863,
      -73.95551403253909,
      -73.96965348936749,
      -73.98362987905836,
      -73.99744839545885,
      -74.01111355204183,
      -74.02462897355691,
      -74.03799714930825,
      -74.05121949165377,
      -74.06429662703222,
      -74.07722856547711,
      -74.09001466131983,
      -74.10265358829749,
      -74.11514346684193,
      -74.12748207768091,
      -74.13966709648304,
      -74.1516963387056,
      -74.16356794731843,
      -74.1752804417025,
      -74.18683267014882,
      -74.19822378961386,
      -74.20945331002902,
      -74.22052112553082,
      -74.23142746848596,
      -74.24217282223503,
      -74.25275787443576,
      -74.26318353049012,
      -74.27345091581839,
      -74.28356129123556,
      -74.293515892463,
      -74.30331577126327,
      -74.31296169049298,
      -74.32245406148967,
      -74.33179288566184,
