{
  "metadata": {
    "timestamp": 1754108575.0674982,
    "molecular_system": {
      "name": "qchem_fallback",
      "n_qubits": 6,
      "n_electrons": 3,
      "exact_energy": -1.5
    },
    "vqe_config": {
      "max_iterations": 200,
      "optimizer": "adam",
      "learning_rate": 0.01,
      "n_layers": 8,
      "backend": "lightning.qubit"
    }
  },
  "ground_state": {
    "energy": -2.442014114522663,
    "parameters": [
      2.334744662945353,
      6.291593886318568,
      4.328313858416957,
      3.7281543738686405,
      0.643871514173994,
      1.1944850102393814,
      0.6226965396208984,
      5.115783471942811,
      4.029138822977437,
      4.716745564006292,
      0.3991088693176861,
      6.3473581412539435,
      5.285406027731111,
      1.376411706297337,
      1.1484382281810017,
      1.0108109406473038,
      2.1302181243327287,
      3.258551033037186,
      2.9330898882401644,
      1.5420328983688414,
      3.5178801787152048,
      0.5791285281198945,
      1.5394730707018074,
      2.5863363951623732,
      2.6293929239490565,
      4.949049469509536,
      1.2607763778021834,
      2.9120763297399934,
      3.4945325563499923,
      0.06888330361336509,
      4.201407249748696,
      1.0822343111300592,
      0.5474953843324873,
      5.829800710111824,
      6.2134442440656645,
      5.398097660572171,
      1.9836792555469152,
      0.8391094174825482,
      4.530615255344956,
      2.4941888973054103,
      0.9769284366012538,
      3.0284069538249785,
      0.03233937838530016,
      5.544949274277569,
      1.8036790425660894,
      3.8758210222776075,
      2.0371764591181196,
      2.95851498369549,
      3.6133164167586185,
      0.8487689557282854,
      6.142005529403058,
      4.870303166855185,
      5.903045945746886,
      5.622366060669442,
      3.756716362028796,
      5.792306648564669,
      0.55601478868818,
      1.2313966416109714,
      0.28417143716625903,
      2.0441107542316175,
      2.442131435811337,
      1.7049362495591496,
      5.20711134101201,
      2.241547260568599,
      1.765163583547452,
      3.4098600559638177,
      0.8854530197870991,
      5.040352282937607,
      0.46841550900951673,
      6.200793499895842,
      4.852156987991047,
      1.24856745052169,
      0.03469648517554339,
      5.123695265839092,
      4.441315677135337,
      4.580487127063731,
      4.84603451016044,
      0.465236267850866,
      2.2523065987167996,
      0.7280267723650119,
      5.423038764037894,
      3.9162976324754704,
      2.079093607928911,
      0.39934889266571716,
      1.9539595545964439,
      2.043187071098305,
      4.584250819761173,
      4.005891736501645,
      5.574522068498079,
      2.9670138796084675,
      0.7514328089027592,
      4.481449167501952,
      4.780153439391597,
      3.5266086410235924,
      4.844129657408177,
      3.1026092358267214,
      3.2844272331533584,
      2.6863194447670367,
      0.15971308367983456,
      0.6779018288549695,
      0.1974753977235076,
      3.998684545388703
    ],
    "optimization_history": [
      -0.9745932731782303,
      -1.0583418378025642,
      -1.1430881187986497,
      -1.227964429629034,
      -1.312189419903487,
      -1.395403665583885,
      -1.4773091895157968,
      -1.5574443600611412,
      -1.6353415363919044,
      -1.7106029906525206,
      -1.7828694216837064,
      -1.8517977007987043,
      -1.9170327097953404,
      -1.9782000634582297,
      -2.034931932466278,
      -2.0868985083469784,
      -2.1338363793980606,
      -2.1755801908381422,
      -2.2120992606297847,
      -2.243530479423674,
      -2.270194924935467,
      -2.292588595872399,
      -2.3113450486931004,
      -2.327175277616993,
      -2.340793551813815,
      -2.3528412275070636,
      -2.363825788453881,
      -2.374089374202196,
      -2.383808687286311,
      -2.3930185151683085,
      -2.401649154823362,
      -2.409569677479636,
      -2.4166305658422824,
      -2.422700320754838,
      -2.4276920000906927,
      -2.431577850747829,
      -2.434392807584138,
      -2.4362295186711362,
      -2.4372278510059835,
      -2.4375608118199223,
      -2.437417721256723,
      -2.43698549607717,
      -2.4364301931245276,
      -2.435882261718604,
      -2.4354286989561116,
      -2.435113319304145,
      -2.4349439690782355,
      -2.4349040100464503,
      -2.434965018952272,
      -2.4350980164336065,
      -2.4352812683370684,
      -2.4355036382300455,
      -2.4357635696890254,
      -2.4360648923806054,
      -2.4364114160226684,
      -2.4368023411271778,
      -2.4372298768471934,
      -2.4376795026449916,
      -2.438132463531315,
      -2.4385695399406297,
      -2.4389748955371346,
      -2.4393388677284276,
      -2.4396589347371385,
      -2.4399387200672207,
      -2.4401855824584984,
      -2.440407778612539,
      -2.4406121605182167,
      -2.4408029441500263,
      -2.4409815584787613,
      -2.44114723469303,
      -2.4412979127864394,
      -2.44143114304173,
      -2.441544814082675,
      -2.441637660258877,
      -2.441709561973038,
      -2.4417616642161755,
      -2.441796326252969,
      -2.4418169043869353,
      -2.441827377761966,
      -2.44183185799234,
      -2.4418340639541674,
      -2.4418368696553037,
      -2.4418420261324734,
      -2.441850115241983,
      -2.4418607300073276,
      -2.4418728173689623,
      -2.4418850847304716,
      -2.441896369456916,
      -2.4419058960504576,
      -2.4419133868290412,
      -2.441919033854344,
      -2.4419233703646097,
      -2.4419270930007335,
      -2.441930883021735,
      -2.4419352620981596,
      -2.4419405034666317,
      -2.441946606336416,
      -2.4419533306915757,
      -2.441960279766238,
      -2.44196700858825,
      -2.4419731314322135,
      -2.4419784018552027,
      -2.4419827475135074,
      -2.441986256155518,
      -2.4419891240967346,
      -2.441991588408571,
      -2.4419938653707636,
      -2.441996110749029,
      -2.441998406167139,
      -2.442000765773341,
      -2.442003152720272,
      -2.442005496504589,
      -2.44200770742465,
      -2.442009689310767,
      -2.4420113532965377,
      -2.442012633394773,
      -2.4420135011036437,
      -2.442013974052289,
      -2.442014114522663,
      -2.4420140171925473,
      -2.44201378962226,
      -2.4420135315789264,
      -2.4420133190895763,
      -2.442013196605374,
      -2.4420131774254354,
      -2.442013250160801
    ],
    "convergence_iterations": 126
  },
  "accuracy_metrics": {
    "absolute_error": 0.9420141145226628,
    "relative_error": 62.80094096817752,
    "exact_energy": -1.5,
    "vqe_energy": -2.442014114522663
  },
  "excited_states": {
    "method": "subspace_expansion",
    "ground_energy": -2.442014114522663,