{
  "metadata": {
    "timestamp": 1754953103.5484934,
    "molecular_system": {
      "name": "ser",
      "n_qubits": 9,
      "n_electrons": 4,
      "exact_energy": -112.916111
    },
    "vqe_config": {
      "max_iterations": 130,
      "optimizer": "adam",
      "learning_rate": 0.01,
      "n_layers": 3,
      "backend": "lightning.qubit"
    }
  },
  "ground_state": {
    "energy": -111.28887872032175,
    "parameters": [
      1.5704023034784693,
      6.021721233251811,
      4.715963560115054,
      4.701534686939581,
      1.5793797048615574,
      -0.013149262268966514,
      -0.9994614748648072,
      4.702615349615159,
      3.1468561464011,
      5.013305033767791,
      0.004223160162764456,
      7.177298922599489,
      6.2690859383587565,
      1.6836452114003877,
      1.6353541833164202,
      1.5596964943171758,
      1.5843950473535,
      3.147442943340091,
      3.141548297741871,
      1.5718870467145225,
      3.403769075839552,
      1.5686866333243952,
      0.6386662450480365,
      1.953232641810915,
      1.547895742333919,
      4.789139746593535,
      1.5707986774131024,
      3.154593308886386,
      4.706584667593299,
      -1.0076058488102821,
      4.708358041702238,
      2.11578702726351,
      0.8469488411213738,
      5.198519478367706,
      5.592479254236885,
      5.247545147684009,
      1.558985745600602,
      0.10925630550755736,
      3.1584975729432827,
      2.3711117585054975,
      1.579159861501656,
      3.1564432052128497,
      -1.0517525633348745,
      4.695377423987269,
      0.991541422746877,
      4.5361110435170895,
      1.4254725953648062,
      2.852460840827458,
      4.024683166999521,
      1.1021218593174227,
      7.036616879944188,
      5.421038260728775,
      5.7288833542856,
      5.992450067221044,
      4.733794736666333,
      6.289691704382467,
      1.4848448617502017,
      0.065326670012452,
      1.1580315044645126,
      1.9521424216939636,
      0.8781229663448022,
      0.973301295749402,
      5.163434463583907
    ],
    "optimization_history": [
      -70.98250715922738,
      -71.30986093110343,
      -71.63639289923175,
      -71.96229004179384,
      -72.28699709042856,
      -72.60971463269588,
      -72.92963225216043,
      -73.24636789484734,
      -73.5599084636,
      -73.87039609333796,
      -74.17796190144644,
      -74.48257298435774,
      -74.78401494818952,
      -75.08200581910087,
      -75.37631389917625,
      -75.66683611575036,
      -75.95363997443047,
      -76.2369700616428,
      -76.51722331372865,
      -76.79490270502924,
      -77.07055150137217,
      -77.34466829299127,
      -77.61762826105989,
      -77.88965092202106,
      -78.16082331037931,
      -78.43115623846256,
      -78.70064863143548,
      -78.9693421468112,
      -79.23735579607443,
      -79.50489993137955,
      -79.77227767401223,
      -80.03988354527371,
      -80.30820387720917,
      -80.5778172661266,
      -80.84938966469345,
      -81.1236580827628,
      -81.4013995246664,
      -81.68338735913653,
      -81.97034258376735,
      -82.2628888420141,
      -82.5615176833926,
      -82.86656712894984,
      -83.17821366882703,
      -83.49647592447522,
      -83.82122831938449,
      -84.15222461496813,
      -84.48913117140962,
      -84.83156632053613,
      -85.17913722675127,
      -85.53146453517803,
      -85.88819186705251,
      -86.24898718623461,
      -86.61354595525444,
      -86.98159919971779,
      -87.35292136048966,
      -87.72733036623367,
      -88.10467552995314,
      -88.48481463736158,
      -88.86758708451731,
      -89.25279230203682,
      -89.64018064566758,
      -90.02945898911648,
      -90.42030853455728,
      -90.81241003875155,
      -91.20547166996128,
      -91.59925526119177,
      -91.99359606368333,
      -92.38840961310699,
      -92.78368009396875,
      -93.17943040306366,
      -93.57568244206442,
      -93.97241992303417,
      -94.36956215841668,
      -94.7669507596447,
      -95.16434698495151,
      -95.56143576081952,
      -95.95783184223485,
      -96.35308468906321,
      -96.7466821116396,
      -97.13805708835261,
      -97.52660422280141,
      -97.91171022427567,
      -98.29279799691395,
      -98.6693792689651,
      -99.0411071945892,
      -99.40781770074942,
      -99.76954798840806,
      -100.12652528620359,
      -100.47912836478646,
      -100.82783307892888,
      -101.17315567941938,
      -101.5156041824978,
      -101.85564334364294,
      -102.193675031926,
      -102.53003198622693,
      -102.86497868556376,
      -103.19871013423746,
      -103.53133952491628,
      -103.86286924011446,
      -104.19314597753444,
      -104.52180945517685,
      -104.84825296522892,
      -105.17161756511442,
      -105.49083485267231,
      -105.80471728282481,
      -106.11207757803948,
      -106.41184855847777,
      -106.70317611665499,
      -106.98546977831982,
      -107.25841098710826,
      -107.52193082740962,
      -107.77617185646174,
      -108.02144497586129,
      -108.25818694923063,
      -108.48692040257654,
      -108.70821621592772,
      -108.92265810775748,
      -109.13081119924405,
      -109.3331989943174,
      -109.53029332848195,
      -109.7225178766152,
      -109.91026017771586,
      -110.09388396399459,
      -110.27373484983897,
      -110.45013682408586,
      -110.62338167255888,
      -110.79371621440177,
      -110.96133226902292,
      -111.12636206259089,
      -111.28887872032175
    ],
    "convergence_iterations": 130
  },
  "accuracy_metrics": {
    "absolute_error": 1.6272322796782532,
    "relative_error": 1.4410984094893715,
    "exact_energy": -112.916111,
    "vqe_energy": -111.28887872032175
  },
  "excited_states": {
    "method": "subspace_expansion",
    "ground_energy": -111.28887872032175,