{
  "metadata": {
    "timestamp": 1754894571.4594893,
    "molecular_system": {
      "name": "water",
      "n_qubits": 14,
      "n_electrons": 7,
      "exact_energy": -74.965901
    },
    "vqe_config": {
      "max_iterations": 88,
      "optimizer": "adam",
      "learning_rate": 0.01,
      "n_layers": 4,
      "backend": "lightning.qubit"
    }
  },
  "ground_state": {
    "energy": -70.84291260977531,
    "parameters": [
      2.6020488631139425,
      6.486502596305671,
      4.705687423112875,
      3.184855326701672,
      0.7140736593832574,
      1.5723727785136148,
      1.3893845022229503,
      6.295542555347124,
      2.7592693149364993,
      4.903764775743349,
      -0.12434888276588099,
      5.826348248193958,
      4.883491056258619,
      1.5502895129948688,
      1.0648563667798356,
      0.5886844003028877,
      1.5722637096683378,
      3.162028082483395,
      2.423931322533109,
      1.4974524705091399,
      3.4354904118325504,
      1.322533698264979,
      1.5657138671632358,
      3.1333084752827083,
      2.106706271636224,
      5.3177971803562505,
      1.3529716585206948,
      3.4377867273682345,
      3.103997268873909,
      0.6406261269163633,
      3.799097567901807,
      1.0622649332066512,
      1.1639031443989856,
      5.210026448526488,
      6.451699695880804,
      4.980660258607399,
      1.5756153360990135,
      0.9703349769211921,
      4.701654703143973,
      3.1179710217567322,
      1.2521124064979905,
      3.009902113996973,
      1.2139406468973097,
      5.6273735734004395,
      1.378206959988608,
      3.9718522355788335,
      1.5348502071340284,
      3.1795324725778404,
      4.084551918699988,
      1.2456549927560454,
      6.562553598187158,
      5.275410739549778,
      5.521867756209021,
      6.0604654469955985,
      4.082543609248451,
      5.618922634237378,
      0.013297202318864632,
      1.6352908959862633,
      -0.0645548318383073,
      1.5735283417304409,
      1.568533868065576,
      1.5635818553886507,
      4.847555992232405,
      2.509665817817262,
      1.5506557687949427,
      3.712308056832357,
      0.6278209529075812,
      5.103329923052027,
      1.333457293372761,
      5.475209422370021,
      4.721032887778488,
      0.41935069066503566,
      -0.635108193594471,
      4.879546109226602,
      4.06096151740679,
      5.2439080819505985,
      4.705719120731454,
      1.01033380370515,
      1.716906099677618,
      1.403702132435284,
      4.947428256024884,
      4.8704935070978035,
      1.5763335245175971,
      1.1576597020976045,
      2.01880450705091,
      1.5751312802655664,
      4.469781578257918,
      4.712248884153501,
      4.707081234799401,
      3.131720922707174,
      1.2355480746578977,
      5.142422656036268,
      4.694275447068904,
      2.883650119188487,
      5.7677244181816105,
      2.7939663669823,
      3.3957368743206144,
      2.942340256869376,
      -0.43024014773912733,
      0.07892678141495331,
      0.10046099292454123,
      3.5474456150940887,
      2.2800518921827475,
      3.597966069553961,
      5.790199547101908,
      1.0629201422964458,
      3.431627192659111,
      4.443203177788482,
      1.1157592427307161,
      0.8906535059930522,
      2.440366773687169,
      1.0969236061210312,
      5.258651731985311,
      4.708533191169592,
      4.459696197412577,
      4.6918483698378335,
      4.993734731109581,
      1.6558185306963296,
      4.786354438430832,
      4.373056601934832,
      4.845928674320996,
      4.827834932555477,
      2.508898398347639,
      -0.0021012051085344905,
      1.3563815303546152,
      3.5347967224630668
    ],
    "optimization_history": [
      -44.95881690237477,
      -45.23856682512328,
      -45.51912553182625,
      -45.800428843919676,
      -46.08150849199795,
      -46.36163190041695,
      -46.640357519566344,
      -46.91759064809773,
      -47.193542235819265,
      -47.46852189119567,
      -47.742776055740464,
      -48.01646648716588,
      -48.289735230362496,
      -48.56279257442586,
      -48.835994155091605,
      -49.10988895355966,
      -49.385215574580194,
      -49.66283206913381,
      -49.943608113553644,
      -50.22833586057901,
      -50.517683178885335,
      -50.81217332383384,
      -51.11217209212157,
      -51.41787649634814,
      -51.729305959458266,
      -52.04629802555287,
      -52.36851066018524,
      -52.69543371800632,
      -53.02641234526136,
      -53.36068432205706,
      -53.69743142810583,
      -54.03584161179492,
      -54.37517409130763,
      -54.71481524763253,
      -55.05431302926967,
      -55.39338347033558,
      -55.73189062705945,
      -56.06980537961763,
      -56.40715082125036,
      -56.743945823835226,
      -57.08016005181949,
      -57.41568874997196,
      -57.75034751129578,
      -58.08388206082216,
      -58.41598726479068,
      -58.74633078295845,
      -59.074578107642644,
      -59.40041707433886,
      -59.723581812713476,
      -60.04387762927626,
      -60.36120628348146,
      -60.67558357883385,
      -60.98713529137625,
      -61.296067621109174,
      -61.60263040552293,
      -61.90709455020572,
      -62.20974351973842,
      -62.51086700287456,
      -62.81075426630223,
      -63.10969077334321,
      -63.40795763948981,
      -63.70583154988336,
      -64.00358384422817,
      -64.30147442008297,
      -64.59972751983948,
      -64.8984752662942,
      -65.19767931614619,
      -65.49707461276661,
      -65.79617491268276,
      -66.09433894524277,
      -66.39086157618355,
      -66.68504684058122,
      -66.97624603747569,
      -67.26388841949188,
      -67.5475396237572,
      -67.82697851798872,
      -68.10223903523763,
      -68.37356105204782,
      -68.64124245951945,
      -68.90545783278823,
      -69.1661334519796,
      -69.42291722340227,
      -69.67522356498584,
      -69.92231439187185,
      -70.16338517525995,
      -70.39764032156558,
      -70.62435373951115,
      -70.84291260977531
    ],
    "convergence_iterations": 88
  },
  "accuracy_metrics": {
    "absolute_error": 4.122988390224691,
    "relative_error": 5.499818364385017,
    "exact_energy": -74.965901,
    "vqe_energy": -70.84291260977531
  },
  "excited_states": {
    "method": "subspace_expansion",
    "ground_energy": -70.84291260977531,