{
  "metadata": {
    "timestamp": 1754953026.373343,
    "molecular_system": {
      "name": "ile",
      "n_qubits": 9,
      "n_electrons": 4,
      "exact_energy": -432.82708
    },
    "vqe_config": {
      "max_iterations": 500,
      "optimizer": "adam",
      "learning_rate": 0.01,
      "n_layers": 3,
      "backend": "lightning.qubit"
    }
  },
  "ground_state": {
    "energy": -350.28380757280837,
    "parameters": [
      1.570796030757564,
      6.283185249667072,
      4.607226743798408,
      4.580400531726137,
      1.6930382688271786,
      0.5856506323606095,
      -1.066075128342659,
      6.253251411623285,
      4.584973004805104,
      6.213315658562518,
      -0.8488711604173744,
      7.133611149428178,
      4.712389325356526,
      3.1416766294109237,
      1.4087180631452425,
      1.620321587998741,
      1.5707963025759009,
      3.1415922575418564,
      1.570796324280471,
      1.4450364157852484,
      4.712388971405833,
      1.4865164411523934e-07,
      1.5707963352077445,
      3.141671392516165,
      1.5707963260291493,
      6.005424314770009,
      1.5707970816946712,
      3.1419607439612247,
      4.712387975301144,
      0.049800671516252025,
      4.712388660835886,
      0.6791919894437866,
      1.570798412639032,
      5.050139317387615,
      4.7123876093478225,
      4.685600915742733,
      1.5707963304173382,
      -2.5851646952642503e-08,
      4.5660662095768005,
      2.5608733827313057,
      1.0885511224604503,
      3.2987238232493836,
      1.4310453132935474,
      6.319352067049505,
      2.4768436384961605,
      3.780728098242124,
      1.5708002352628454,
      3.1416591725682803,
      3.01412109692328,
      1.1763339989338728,
      7.853973027654781,
      6.2831825481125545,
      5.050739147137049,
      4.851582850849956,
      4.712389090722848,
      4.712388870377022,
      1.5707966375471065,
      1.5707967568047716,
      -1.570812111083761,
      1.5707962917891076,
      4.706411967532087,
      1.5707962114225351,
      4.71238894049744
    ],
    "optimization_history": [
      -253.91928707804533,
      -254.6052701976316,
      -255.28690771095503,
      -255.96175742554567,
      -256.6282389047288,
      -257.28598080321285,
      -257.93546689060327,
      -258.5772383230445,
      -259.2114863406249,
      -259.83809785233666,
      -260.45680629497986,
      -261.06741747701216,
      -261.6700593459833,
      -262.26534860549265,
      -262.8544030777107,
      -263.43867173251135,
      -264.01964258530825,
      -264.59858453853764,
      -265.1764064521163,
      -265.7536098035281,
      -266.3302907373223,
      -266.9061745336986,
      -267.48068767214687,
      -268.05305905621094,
      -268.62242725206727,
      -269.18793558957617,
      -269.74880527211405,
      -270.30437840079566,
      -270.8541228708873,
      -271.3975988208004,
      -271.93440338399284,
      -272.4641239814489,
      -272.9863263899815,
      -273.50058640597524,
      -274.0065577415818,
      -274.50406020900965,
      -274.9931680782633,
      -275.47427507522764,
      -275.94811138276924,
      -276.41569627454294,
      -276.87823248489985,
      -277.3369755395381,
      -277.7931219519994,
      -278.24774510770146,
      -278.70178106436026,
      -279.15604858416305,
      -279.6112853034042,
      -280.0681891173728,
      -280.5274619413622,
      -280.98985682066666,
      -281.45622843835804,
      -281.92758405064336,
      -282.4051296030028,
      -282.89030532101106,
      -283.3848059684614,
      -283.8905824989355,
      -284.40982381608364,
      -284.9449200780813,
      -285.4984122324436,
      -286.0729345724435,
      -286.67115587633515,
      -287.29572023998844,
      -287.9491839739917,
      -288.63394279886194,
      -289.3521449862269,
      -290.10559044117144,
      -290.8956211808468,
      -291.723012676461,
      -292.58787641657756,
      -293.48958231167256,
      -294.4267070559992,
      -295.3970127270415,
      -296.3974589657188,
      -297.4242515488146,
      -298.47292948898615,
      -299.5384915925903,
      -300.6155613844318,
      -301.69858628093414,
      -302.78206301397955,
      -303.8607775170324,
      -304.9300453701128,
      -305.98593827381666,
      -307.0254771075574,
      -308.0467552820394,
      -309.0489351522998,
      -310.0320669051375,
      -310.9967371363657,
      -311.94363482510414,
      -312.873162022594,
      -313.78518698316486,
      -314.6789715258753,
      -315.553249521949,
      -316.40640795782076,
      -317.23671769434463,
      -318.04256389641165,
      -318.82262994315727,
      -319.5759984726322,
      -320.3021593397963,
      -321.0009543374995,
      -321.6725158677114,
      -322.31724480152207,
      -322.93583178241647,
      -323.5292921289222,
      -324.09897721637736,
      -324.6465384973072,
      -325.1738404445624,
      -325.6828368365524,
      -326.17543651393436,
      -326.6533875268669,
      -327.1182021879216,
      -327.5711328034689,
      -328.013193862726,
      -328.4452161096377,
      -328.8679137703192,
      -329.28194789038355,
      -329.68797389762483,
      -330.08666748875453,
      -330.4787281154485,
      -330.86486334092706,
      -331.24576030548997,
      -331.62205236607747,
      -331.9942891833469,
      -332.36291681015825,
      -332.72827108232025,
      -333.09058391986736,
      -333.44999926351977,
      -333.8065940615041,
      -334.1603999816823,
      -334.51142274155313,
      -334.8596573277862,
      -335.2050983539413,
      -335.5477452760431,
      -335.8876024561334,
      -336.22467454677826,
      -336.5589585103799,
      -336.89043449097585,
      -337.2190581726773,
      -337.54475678689676,
      -337.86742962413757,
      -338.1869522673345,
      -338.5031824740105,
      -338.81596523299186,
      -339.1251351898734,
      -339.43051611507246,
      -339.7319187362359,
      -340.02913928488084,
      -340.32196097100666,
      -340.610159327288,
      -340.89351057983095,
      -341.17180079608306,
      -341.44483321766836,
      -341.71243204510836,
      -341.97444254470963,
      -342.230728889833,
      -342.4811718991273,
      -342.72566850959527,
      -342.96413368568903,
      -343.19650411653606,
      -343.42274209413284,
      -343.6428377629946,
      -343.85680853420126,
      -344.0646955975019,
      -344.2665586395085,
      -344.46247053776756,
      -344.6525136414691,
      -344.83677838625186,
      -345.0153638958827,
      -345.1883794409205,
      -345.355945465981,
      -345.5181933189584,
      -345.67526350842775,
      -345.82730291842597,
      -345.97446170076887,
      -346.1168905271246,
      -346.2547386383192,
      -346.38815282114217,
      -346.5172771687733,
      -346.6422532897673,
      -346.7632205543631,
      -346.88031602498506,
      -346.9936738978171,
      -347.10342452808425,
      -347.2096933315653,
      -347.3125999522401,
      -347.4122580038449,
      -347.50877545731623,
      -347.6022554694884,
      -347.69279727626326,
      -347.78049679725166,
      -347.86544679760794,
      -347.9477367056146,
      -348.0274523462661,
      -348.10467584275307,
      -348.1794857906481,
      -348.2519576337101,
      -348.322164072859,
      -348.3901753583364,
      -348.45605940978237,
      -348.51988180725243,
      -348.5817057437088,
      -348.6415920160006,
      -348.69959908378996,
      -348.7557831822672,
      -348.8101984574315,
      -348.8628970996385,
      -348.91392946531585,
      -348.9633441849248,
      -349.01118825660427,
      -349.0575071261897,
      -349.1023447593538,
      -349.14574371641385,
      -349.187745237476,
      -349.2283893344852,
      -349.26771487621886,
      -349.30575965256577,
      -349.34256041605875,
      -349.37815291156875,
      -349.4125719084684,
      -349.445851241485,
      -349.47802385448716,
      -349.50912183570057,
      -349.5391764372652,
      -349.5682180822248,
