{
  "metadata": {
    "timestamp": 1753934161.987612,
    "molecular_system": {
      "name": "water",
      "n_qubits": 14,
      "n_electrons": 7,
      "exact_energy": -74.965901
    },
    "vqe_config": {
      "max_iterations": 100,
      "optimizer": "adam",
      "learning_rate": 0.01,
      "n_layers": 4,
      "backend": "default.qubit"
    }
  },
  "ground_state": {
    "energy": -72.16763758592889,
    "parameters": [
      2.4346413606831483,
      6.410204410681846,
      4.719368012154053,
      3.1557058732501,
      0.77991142532312,
      1.562620155619119,
      1.4861688229301517,
      6.293366914560841,
      2.635099478967162,
      4.861557229329476,
      -0.07686720691121075,
      5.949107472258349,
      4.80365697961656,
      1.5920497427400233,
      1.1706531604244304,
      0.41834124817529517,
      1.569114678688331,
      3.160045517246665,
      2.288457454375838,
      1.5738710934096651,
      3.4640650060550895,
      1.4905584162189214,
      1.574877734104685,
      3.1650785142286364,
      2.3748791365934543,
      4.79349589802152,
      1.739389899608235,
      3.322347036492831,
      3.108896947088398,
      0.5357692944148992,
      3.782442717115596,
      1.121142348915351,
      1.1806241631072358,
      5.194646881067808,
      6.352470440405216,
      4.851628818269552,
      1.5667846904297804,
      0.9793254906880042,
      4.711543420984522,
      3.1476203019037943,
      1.4041430054076343,
      3.0309938889104875,
      1.3987400409914232,
      5.6631398038010525,
      1.4617669764942487,
      3.851655667967644,
      1.5769879185683713,
      3.1513679203829685,
      4.131554199577826,
      1.2235451782823186,
      6.5721683832324524,
      5.140469235921782,
      5.516357823052901,
      6.234011890381377,
      3.944248982481327,
      6.008271239445236,
      -0.02213921703989566,
      1.5884590912341305,
      -0.04817453153468319,
      1.567394779343658,
      1.5518646464401198,
      1.5679555528689686,
      4.7337385942314265,
      2.4621953218183212,
      1.5724199448037015,
      3.743461903574364,
      0.5589417103197166,
      4.924306465174332,
      1.5112671916956297,
      5.630930639509445,
      4.743651295286362,
      0.32020630217862467,
      -0.5617199102421152,
      4.946336072564967,
      4.1777339343335225,
      5.202169560648825,
      4.71055122421632,
      1.1935470798412808,
      1.6380796984961599,
      1.498639300927958,
      4.7875051943362505,
      4.728489690277618,
      1.5847787314324764,
      1.0566834871514803,
      1.9215366224324224,
      1.5503666302722545,
      4.406232520493668,
      4.718012789084631,
      4.697054038540417,
      3.1385098996372847,
      1.521619036905779,
      5.147448787020439,
      4.708295233403525,
      2.833342726547997,
      5.817044556247237,
      2.7435630109542686,
      3.345361725611146,
      2.998185081389349,
      -0.39497103708784753,
      0.07905205842539133,
      -0.10875279994472707,
      3.491538749904414,
      1.9928443009809813,
      3.411369726299242,
      5.742536180093535,
      1.285899290762574,
      3.339880412358037,
      3.9949545799443893,
      1.3990134740673708,
      0.9668245075379832,
      2.405657975892449,
      0.8662105239314644,
      5.108498230525079,
      4.710825281428001,
      4.495285724460174,
      4.6724261110446434,
      4.893027605189591,
      1.8092402442294406,
      4.897909301697642,
      4.35131867018682,
      5.297915692761104,
      4.869592526761273,
      2.5782438807828587,
      0.29920077571392756,
      0.9109167771041389,
      2.9757165177453
    ],
    "optimization_history": [
      -44.958344770596035,
      -45.242157748546894,
      -45.52648144295711,
      -45.810749913630794,
      -46.09390132523705,
      -46.37516932496805,
      -46.65417242167813,
      -46.930902121923616,
      -47.20563705848128,
      -47.478785658009315,
      -47.750763716350484,
      -48.02194996514234,
      -48.29270126855393,
      -48.56340338267553,
      -48.83453891620599,
      -49.106743910626726,
      -49.380812357987914,
      -49.657627822624065,
      -49.93805562207074,
      -50.222854712328015,
      -50.51263144826393,
      -50.80781928336721,
      -51.10866819879343,
      -51.41524015777262,
      -51.727411301283055,
      -52.04488054572875,
      -52.36718408440979,
      -52.69371688506083,
      -53.02376355139672,
      -53.35654024337504,
      -53.6912464170632,
      -54.02712067587124,
      -54.363490988306864,
      -54.69980942511047,
      -55.03566751828246,
      -55.37079582299567,
      -55.70505206224176,
      -56.03839688093584,
      -56.37085496356919,
      -56.70246640856081,
      -57.033240723530476,
      -57.36312519796546,
      -57.691992242829805,
      -58.01964342612118,
      -58.3458249090091,
      -58.67024890691795,
      -58.9926171078221,
      -59.312644393713356,
      -59.63008444277037,
      -59.944760134646344,
      -60.256596037422995,
      -60.56563729833816,
      -60.87203478038774,
      -61.1759997654922,
      -61.477761858565195,
      -61.77755556206625,
      -62.07562683375434,
      -62.37223778859297,
      -62.66766009757665,
      -62.9621614539017,
      -63.25599215080428,
      -63.54937370698251,
      -63.84248533639282,
      -64.13544040777559,
      -64.42824813267856,
      -64.7207705469749,
      -65.01270186344884,
      -65.30359263437933,
      -65.59291107385083,
      -65.8801046689281,
      -66.1646280139488,
      -66.44594400421121,
      -66.723539044596,
      -66.99697449898227,
      -67.26595531011294,
      -67.53037532944552,
      -67.79030308279131,
      -68.0459016160794,
      -68.29732321578412,
      -68.5446378821125,
      -68.78781529943265,
      -69.0267324115817,
      -69.26117297764519,
      -69.49081204355062,
      -69.71520318145274,
      -69.9337884595437,
      -70.14593354243509,
      -70.35097625961005,
      -70.54828230178668,
      -70.73730951075018,
      -70.9176714990537,
      -71.08917870286595,
      -71.251843247616,
      -71.40585257092047,
      -71.55152422113764,
      -71.68924895760301,
      -71.81942570593513,
      -71.942399050091,
      -72.05841880256942,
      -72.16763758592889
    ],
    "convergence_iterations": 100
  },
  "accuracy_metrics": {
    "absolute_error": 2.7982634140711156,
    "relative_error": 3.73271497673471,
    "exact_energy": -74.965901,
    "vqe_energy": -72.16763758592889
  },
  "excited_states": {
    "method": "qeom",
    "ground_energy": -72.16763758592889,
    "excited_states": [
      [
        -43.34779907875163,
        [
          0.06933222844766118,
          0.0712648583756185,
          -0.019098374575561988,
          0.07755401975219198,
          0.07018568975350256,
          0.08712699884418951,
          0.05706813022278873,
          0.03379765094284573,
          0.016137324287290936,
          -0.02554344668765139
        ]
      ],
      [
        -43.33626930504243,
        [
          -0.020485595782495536,
          0.003550270105496023,
          0.0675420211814656,
          0.035138023407856156,
          0.04704322384815443,
          -0.058185675852457264,
          0.008289594765513164,
          0.03915687986901645,
          -0.05428999564054007,
          -0.06500901458081276
        ]
      ],
      [
        -43.335394541721755,
        [
          0.011620400403468234,
          -0.019232765788391837,
          -0.0870215505782037,
          -0.04921691721313107,
          -0.050624787432279765,
          0.039260854567957665,
          0.042454117984888406,
          -0.07038261400932003,
          0.09954809700978837,
          -0.046643797144943
        ]
      ]
    ],
    "computation_time": 1050.6571760177612,
    "convergence_info": {}
  },
  "analysis": {
    "energy_gap": 28.81983850717726,
    "oscillator_strengths": [],
    "dominant_configurations": []
  }
}