{
  "metadata": {
    "timestamp": 1753994045.1933217,
    "molecular_system": {
      "name": "water",
      "n_qubits": 14,
      "n_electrons": 7,
      "exact_energy": -74.965901
    },
    "vqe_config": {
      "max_iterations": 100,
      "optimizer": "adam",
      "learning_rate": 0.01,
      "n_layers": 3,
      "backend": "default.qubit"
    }
  },
  "ground_state": {
    "energy": -71.59107601712769,
    "parameters": [
      1.5730661049523846,
      5.416901993895224,
      4.715015847359489,
      4.72024466041356,
      1.56602367142898,
      -0.01773566902882612,
      1.4488509971733552,
      6.158699852659132,
      4.449742200508173,
      3.6427711621811225,
      -0.7952290459590022,
      6.488146550779502,
      5.662981598319251,
      0.6576036371608791,
      1.0330493931610847,
      1.1404371493326257,
      1.994023600994149,
      2.660226857700209,
      2.372072674784166,
      1.5642348776642785,
      4.735277663082722,
      0.02641257472815406,
      1.458353330355245,
      2.847975479925335,
      2.8468015977100696,
      5.486913774989336,
      1.591237248640919,
      3.1441898555725816,
      3.1451598656992426,
      1.5082612756004117,
      4.002205028887911,
      1.5661151274293805,
      0.3003684565817682,
      6.1636561753176125,
      5.50427330717007,
      5.545761531955181,
      1.6919557743394191,
      -0.2090908380549959,
      4.699070527098169,
      2.072215245479656,
      1.519230360406258,
      3.0753436563737115,
      1.3658971888345628,
      5.709132088431089,
      1.4579660973992468,
      3.212085312802004,
      1.5953228719589767,
      3.8827353306980026,
      4.189972578708222,
      2.1942309408161256,
      6.370522119589279,
      4.331123261346059,
      6.211085044556168,
      6.149198110195063,
      4.538803817096763,
      4.6850379134177915,
      1.650559074952786,
      0.6140448871393025,
      -0.017085779938366144,
      2.5116175778733845,
      1.6631114470898887,
      2.3779520605906175,
      4.691787940987653,
      3.2121401718454035,
      1.6136038504971646,
      3.546307336678445,
      1.493740938474825,
      5.344627195850134,
      1.329877944474077,
      5.692326698008544,
      4.763178950559397,
      2.040465767216633,
      0.9311477837816715,
      4.9742669341362955,
      4.70577371695143,
      3.8476946973084143,
      4.721550499327673,
      -0.15270365730762372,
      1.8284987708323788,
      1.3133040380239045,
      4.679560035483473,
      3.250221761453328,
      1.5824910611957628,
      0.6084636335922987,
      2.9516134540919494,
      3.0704471886469777,
      4.546395964889221,
      4.232842818665573,
      4.731576064488515,
      2.1972195055614874,
      1.3133579421464923,
      4.7839866532964255,
      4.720844405274933,
      2.917129781668921,
      5.064041635647635,
      3.5460698147927765,
      3.6569541575266746,
      2.746682015339305
    ],
    "optimization_history": [
      -46.17772455042545,
      -46.370306238852564,
      -46.56544522205289,
      -46.76369493581012,
      -46.96509559627143,
      -47.16954042346495,
      -47.37701989153438,
      -47.58751673416957,
      -47.800892514523525,
      -48.01688684653813,
      -48.23514731197625,
      -48.45526222137372,
      -48.67680383955192,
      -48.899382319039674,
      -49.12268145674926,
      -49.34645525959945,
      -49.57053149054823,
      -49.79485044443159,
      -50.01952222458622,
      -50.24488006109032,
      -50.47147542126459,
      -50.699970558544145,
      -50.930998804393774,
      -51.16508664983717,
      -51.402629167632206,
      -51.64388025119037,
      -51.88895016616755,
      -52.13781732005165,
      -52.39035462068249,
      -52.64636346543279,
      -52.90560834140771,
      -53.16784752250347,
      -53.43285665790568,
      -53.70044283396858,
      -53.970448312824324,
      -54.24274515470401,
      -54.51722294321962,
      -54.793771865572175,
      -55.072263748518004,
      -55.352534674791514,
      -55.63437337499167,
      -55.91751862124082,
      -56.201666516688654,
      -56.486486063103044,
      -56.771639816177945,
      -57.05680611944555,
      -57.341699877688654,
      -57.62608927749811,
      -57.9098056368386,
      -58.19274278843992,
      -58.474842563348666,
      -58.75606644547591,
      -59.036360680324655,
      -59.315628210366796,
      -59.59371925928957,
      -59.87044362279124,
      -60.145599356366375,
      -60.419010051942145,
      -60.690565016210364,
      -60.960259257644644,
      -61.228230455548044,
      -61.494787783911434,
      -61.760424872731114,
      -62.02580980481263,
      -62.29174970162176,
      -62.559132631985904,
      -62.82885298179829,
      -63.101729903811325,
      -63.37843228128845,
      -63.659424382341626,
      -63.944942209669726,
      -64.2350034210274,
      -64.52944496312153,
      -64.82797180885318,
      -65.13019349824262,
      -65.43563496059595,
      -65.74373087174808,
      -66.05382363044832,
      -66.36517410025834,
      -66.67698008245422,
      -66.98839286572894,
      -67.29852305348157,
      -67.60643152111342,
      -67.91111399978597,
      -68.21150233662236,
      -68.50650139900611,
      -68.79505057237982,
      -69.07617052050173,
      -69.34896312397198,
      -69.6125697237971,
      -69.86612310904862,
      -70.1087327427519,
      -70.33952443848585,
      -70.55772636089831,
      -70.76277088699932,
      -70.95437607831494,
      -71.13257813856868,
      -71.29770518189359,
      -71.45030756611695,
      -71.59107601712769
    ],
    "convergence_iterations": 100
  },
  "accuracy_metrics": {
    "absolute_error": 3.374824982872312,
    "relative_error": 4.501813408301878,
    "exact_energy": -74.965901,
    "vqe_energy": -71.59107601712769
  },
  "excited_states": {
    "method": "subspace_expansion",
    "ground_energy": -71.59107601712769,