{
  "metadata": {
    "timestamp": 1754951810.8094704,
    "molecular_system": {
      "name": "gly",
      "n_qubits": 9,
      "n_electrons": 4,
      "exact_energy": -279.11151
    },
    "vqe_config": {
      "max_iterations": 500,
      "optimizer": "adam",
      "learning_rate": 0.01,
      "n_layers": 2,
      "backend": "lightning.qubit"
    }
  },
  "ground_state": {
    "energy": -260.6625062606147,
    "parameters": [
      1.5708065572132035,
      6.283204056789302,
      4.712411115164599,
      3.141594708130752,
      1.5705954175028896,
      1.570529424609605,
      4.656838695230797e-05,
      6.038408339578063,
      3.1416988150697334,
      5.281714561258632,
      -0.00013073649315281194,
      5.88631453633994,
      4.712539445213098,
      1.5703453121647912,
      1.5709229826632913,
      0.0005857120118816501,
      1.4172996718593733,
      4.6269671800113175,
      1.5705847746456072,
      1.1913882709131283,
      3.920756203733194,
      1.5705264104742795,
      1.5707728199141084,
      3.1415481217438264,
      1.570813695567464,
      6.282892285578167,
      1.5707947020104733,
      3.141593141833369,
      4.71229873184156,
      5.127741352313014e-06,
      2.3621180109888678,
      1.5705141642526126,
      1.5705002821440945,
      6.192499999417802,
      4.7106000707760565,
      4.7756740571664436,
      0.0012056763427181385,
      1.570184192443478,
      4.712299333502415,
      1.5712717136989425,
      1.570337959604139,
      4.713091920101384,
      -0.0009300733804586975,
      4.796938321404317,
      3.143389526225182
    ],
    "optimization_history": [
      -170.63231057749198,
      -171.277338581854,
      -171.91789066045388,
      -172.552149454775,
      -173.17836764450863,
      -173.79492014209578,
      -174.40037939302783,
      -174.993618195853,
      -175.57393839138567,
      -176.1412098147174,
      -176.69598857732177,
      -177.23957024183647,
      -177.77392211953315,
      -178.30149623805835,
      -178.82500553108974,
      -179.34720009613633,
      -179.87064995261375,
      -180.39757526011778,
      -180.92975963231126,
      -181.4685436558344,
      -182.01487326048775,
      -182.5693758987508,
      -183.1324420198998,
      -183.7042951511032,
      -184.28504219339092,
      -184.87470504969403,
      -185.4732394287205,
      -186.08054430126728,
      -186.6964634578622,
      -187.32078428988999,
      -187.95324212797996,
      -188.59353457416,
      -189.2413427979979,
      -189.8963528400039,
      -190.55827169461344,
      -191.2268381016105,
      -191.90183246645216,
      -192.5830901835907,
      -193.27051771657602,
      -193.96410526665943,
      -194.66392768968805,
      -195.3701275744795,
      -196.08288041540538,
      -196.8023495357903,
      -197.52864339568615,
      -198.26178581139297,
      -199.00170167547196,
      -199.74821340474665,
      -200.50104110176366,
      -201.2598018314541,
      -202.02400836026086,
      -202.79307333574002,
      -203.56632747309203,
      -204.34305600076735,
      -205.12254869970815,
      -205.90415213561732,
      -206.68731201076176,
      -207.47159881986352,
      -208.2567184424974,
      -209.04251501797918,
      -209.82897140291226,
      -210.61620526243058,
      -211.4044545156984,
      -212.1940496983629,
      -212.98537981568796,
      -213.77886271369508,
      -214.57492476128417,
      -215.3739836330452,
      -216.17642339989166,
      -216.98255757204734,
      -217.79258749541032,
      -218.60656946149132,
      -219.4243991433609,
      -220.2458136414875,
      -221.07040852338162,
      -221.89766862643043,
      -222.72700817388258,
      -223.55780626624318,
      -224.38942064746178,
      -225.2211768885264,
      -226.0523521122372,
      -226.88217845431984,
      -227.70987395073385,
      -228.53468723865544,
      -229.35593796088227,
      -230.1730443342445,
      -230.9855369402057,
      -231.79305764987828,
      -232.59534272039156,
      -233.39219485756726,
      -234.18345406683653,
      -234.96897400075892,
      -235.74860370697246,
      -236.52217336858584,
      -237.2894855211474,
      -238.0503121102641,
      -238.80439272195795,
      -239.55142839385263,
      -240.29106999342503,
      -241.0229027844536,
      -241.7464269706948,
      -242.4610341439032,
      -243.16598412187045,
      -243.86038946680088,
      -244.5432130035408,
      -245.21328174928328,
      -245.8693209383996,
      -246.51000968403042,
      -247.1340540512506,
      -247.7402692684248,
      -248.32766251425258,
      -248.8955074056342,
      -249.44340024926447,
      -249.9712898618976,
      -250.47947710340256,
      -250.96858350532247,
      -251.43949069955528,
      -251.89325635674112,
      -252.33101666911858,
      -252.75388719925823,
      -253.16287384920045,
      -253.55880483061443,
      -253.94229112056206,
      -254.31371681349236,
      -254.67325531062792,
      -255.0209043287129,
      -255.35653146948863,
      -255.6799225634516,
      -255.9908274878868,
      -256.2890008328754,
      -256.5742360186272,
      -256.84639203197116,
      -257.10541252480925,
      -257.35133701721867,
      -257.58430373028335,
      -257.80454413599784,
      -258.01237028712757,
      -258.20815671791655,
      -258.3923194844063,
      -258.5652955767819,
      -258.7275256721453,
      -258.87944215440797,
      -259.02146318299583,
      -259.15399237693083,
      -259.27742256690067,
      -259.39214163668044,
      -259.498538649524,
      -259.597008796842,
      -259.68795625643884,
      -259.77179473597675,
      -259.848945907599,
      -259.9198361324438,
      -259.98489202786095,
      -260.04453541691305,
      -260.09917804703093,
      -260.14921641237964,
      -260.19502700758323,
      -260.23696229183645,
      -260.27534766926954,
      -260.31047982421603,
      -260.34262663517995,
      -260.37202870224286,
      -260.3989022997109,
      -260.4234432836876,
      -260.445831290482,
      -260.46623355873766,
      -260.48480783461287,
      -260.50170406558294,
      -260.5170649098326,
      -260.53102533564476,
      -260.54371171563685,
      -260.5552408532085,
      -260.5657192909509,
      -260.5752430995786,
      -260.583898208968,
      -260.5917612181527,
      -260.5989005321988,
      -260.605377647885,
      -260.61124841418916,
      -260.61656412437793,
      -260.62137235884273,
      -260.62571755415144,
      -260.6296413173494,
      -260.63318253986273,
      -260.63637737467144,
      -260.63925913796146,
      -260.6418581970847,
      -260.6442018996943,
      -260.64631459068363,
      -260.64821775200846,
      -260.6499302728579,
      -260.6514688264361,
      -260.6528483036104,
      -260.6540822367264,
      -260.6551831523178,
      -260.65616281402527,
      -260.65703234516354,
      -260.65780224951374,
      -260.6584823667348,
      -260.6590818026084,
      -260.6596088698056,
      -260.66007106225635,
      -260.6604750721497,
      -260.660826847745,
      -260.6611316811831,
      -260.6613943118457,
      -260.6616190311099,
      -260.66180977616244,
      -260.6619702047185,
      -260.6621037461346,
      -260.66221362751895,
      -260.6623028772772,
      -260.66237431160744,
      -260.66243051250666,
      -260.6624738075944,
      -260.6625062606147
    ],
    "convergence_iterations": 216
  },
  "accuracy_metrics": {
    "absolute_error": 18.44900373938532,
    "relative_error": 6.609904313650597,
    "exact_energy": -279.11151,
    "vqe_energy": -260.6625062606147
  },
  "excited_states": {
    "method": "subspace_expansion",
    "ground_energy": -260.6625062606147,