{
  "metadata": {
    "timestamp": 1754954542.451736,
    "molecular_system": {
      "name": "ala",
      "n_qubits": 9,
      "n_electrons": 4,
      "exact_energy": -317.69135
    },
    "vqe_config": {
      "max_iterations": 1000,
      "optimizer": "adam",
      "learning_rate": 0.01,
      "n_layers": 3,
      "backend": "lightning.qubit"
    }
  },
  "ground_state": {
    "energy": -283.2290586765767,
    "parameters": [
      1.570796081334334,
      6.283185350264166,
      4.58688090826579,
      4.581618860628177,
      1.6971420426599835,
      0.5990366460130297,
      -1.0704316206594882,
      6.2586570762439715,
      4.583506784122303,
      6.211814534485367,
      -0.8494492832479978,
      7.134813124748276,
      4.71238962069052,
      3.1416050040245342,
      1.414293433610325,
      1.6149042720823636,
      1.5707961123547933,
      3.141592234762837,
      1.570796300613311,
      1.4747831595835432,
      4.7123888711570086,
      1.677949123939833e-07,
      1.570796323772992,
      3.1416630471301557,
      1.5707963166512968,
      6.003754378374042,
      1.5707970629340182,
      3.141994655622434,
      4.712388007139027,
      0.047538521317672736,
      4.712388571556505,
      0.6640916388039255,
      1.5707990682564805,
      5.051089145239752,
      4.712387583287681,
      4.635970709973702,
      1.570796332430308,
      5.18002642027237e-08,
      4.559823632486332,
      2.547978534932258,
      1.09197287786297,
      3.2938392013109863,
      1.4291817810489025,
      6.320130359956292,
      2.477916426226982,
      3.780044149206688,
      1.5707963067788224,
      3.141602575621249,
      3.0329900580050593,
      1.1572746911887317,
      7.853973026047376,
      6.2831825319429075,
      5.05025210279259,
      4.84994674535053,
      4.7123890256528504,
      4.7123889017663565,
      1.5707966735232073,
      1.57079672483351,
      -1.5708125036653506,
      1.57079628229582,
      4.706136963413469,
      1.5707961905391452,
      4.712388974237574
    ],
    "optimization_history": [
      -188.66072524847777,
      -189.33422768933454,
      -190.0034076110331,
      -190.66585044097295,
      -191.31997336968647,
      -191.96537788728136,
      -192.6025339639193,
      -193.2320070468324,
      -193.85401849500184,
      -194.46846910982387,
      -195.07508586818548,
      -195.67365043335917,
      -196.26425895249764,
      -196.8475059428304,
      -197.42450369911094,
      -197.99670337110075,
      -198.56559559624804,
      -199.13245261692418,
      -199.6981894303855,
      -200.26331886787094,
      -200.8279563679748,
      -201.39185419028848,
      -201.95446957295943,
      -202.51506193212813,
      -203.0727976309548,
      -203.62684344975625,
      -204.17643835405565,
      -204.72093566189022,
      -205.2598080056412,
      -205.79261490295636,
      -206.3189492761059,
      -206.83839246845926,
      -207.35050347011227,
      -207.85485094586673,
      -208.35108069672066,
      -208.83900284130942,
      -209.3186791341957,
      -209.79048765832226,
      -210.25514094429838,
      -210.71364116612324,
      -211.16717748115173,
      -211.61699722132852,
      -212.064294059854,
      -212.51014235446536,
      -212.95548075463725,
      -213.40113014224028,
      -213.84782845091806,
      -214.29627190476702,
      -214.74715979242316,
      -215.20124310011795,
      -215.65937621870364,
      -216.12256826931497,
      -216.59202881680366,
      -217.06920256941936,
      -217.55578860119928,
      -218.05374110259405,
      -218.56525056392292,
      -219.09270685176105,
      -219.63864862102173,
      -220.2057053727619,
      -220.796537239535,
      -221.41377343886683,
      -222.05994608003712,
      -222.73741430391635,
      -223.4482753272535,
      -224.1942631512062,
      -224.9766407296653,
      -225.7960948939018,
      -226.6526438272543,
      -227.5455649939505,
      -228.47334899719684,
      -229.43368320981327,
      -230.4234683307858,
      -231.43887072076404,
      -232.47541283045544,
      -233.52810275827972,
      -234.59160157767235,
      -235.66042342595998,
      -236.72915897919688,
      -237.79270954094392,
      -238.84651866241128,
      -239.88678968852014,
      -240.91067225447011,
      -241.91638011657105,
      -242.90317909212402,
      -243.87119357582975,
      -244.82104405068543,
      -245.75341071833765,
      -246.66865369045587,
      -247.56658409520313,
      -248.4464111309199,
      -249.30683600525808,
      -250.14624095475207,
      -250.9629196807054,
      -251.75530008425625,
      -252.52211544840736,
      -253.26249179162224,
      -253.97594660773967,
      -254.66233294183127,
      -255.32178512473644,
      -255.95470568814375,
      -256.56179176291676,
      -257.1440688693978,
      -257.70289650884354,
      -258.2399250386304,
      -258.75700347016425,
      -259.25605488895707,
      -259.73894616455516,
      -260.20737953197835,
      -260.66282593201703,
      -261.10650708850756,
      -261.5394202607649,
      -261.9623908001537,
      -262.37613488935915,
      -262.7813172357246,
      -263.17859356095255,
      -263.56863311761117,
      -263.9521209584067,
      -264.3297431645114,
      -264.70216087922137,
      -265.069980604672,
      -265.43372827091764,
      -265.79383277562783,
      -266.15062147818514,
      -266.5043266960486,
      -266.8550998690169,
      -267.20302937283515,
      -267.5481587125263,
      -267.8905031337419,
      -268.2300636764232,
      -268.5668379765334,
      -268.9008269527125,
      -269.23203651889185,
      -269.56047413818413,
      -269.88614133596076,
      -270.2090246051566,
      -270.5290876719431,
      -270.8462674293353,
      -271.16047424952336,
      -271.4715956212726,
      -271.77950093401193,
      -272.08404517702195,
      -272.3850702654162,
      -272.6824041721186,
      -272.97585937719253,
      -273.26523274053966,
      -273.55030846877526,
      -273.8308645583099,
      -274.1066815448711,
      -274.3775513079802,
      -274.64328359164017,
      -274.90370886829766,
      -275.1586777398678,
      -275.4080584805848,
      -275.6517349080116,
      -275.8896062887286,
      -276.1215897507952,
      -276.3476243159259,
      -276.5676747896689,
      -276.7817336973012,
      -276.9898202106692,
      -277.19197623333133,
      -277.38826094842113,
      -277.5787456604686,
      -277.76351044834473,
      -277.94264319212357,
      -278.1162404553199,
      -278.284409017484,
      -278.4472668099966,
      -278.6049425007625,
      -278.75757366132456,
      -278.9053039895904,
      -279.04828028188143,
      -279.1866497788467,
      -279.3205582825358,
      -279.4501491722049,
      -279.57556319304916,
      -279.6969386916883,
      -279.8144118753664,
      -279.92811672547754,
      -280.0381843967981,
      -280.1447422064044,
      -280.2479125409102,
      -280.34781208115635,
      -280.44455162313733,
      -280.53823651983197,
      -280.62896750805044,
      -280.71684154859247,
      -280.8019523606587,
      -280.884390533928,
      -280.9642433357415,
      -281.04159446736384,
      -281.1165239985615,
      -281.1891085615229,
      -281.2594217206802,
      -281.3275343538685,
      -281.39351491126786,
      -281.45742951582434,
      -281.5193419584393,
      -281.57931367428205,
      -281.63740376232437,
      -281.6936690623549,
      -281.7481642691267,
      -281.80094205673765,
      -281.85205319822705,
      -281.9015466775098,
      -281.9494697937978,
      -281.9958682559723,
      -282.0407862645591,
      -282.08426658474,
      -282.12635061965636,
      -282.16707849105643,
      -282.2064891240264,
      -282.2446203234009,
      -282.28150883106247,
      -282.3171903649478,
      -282.3516996514405,
      -282.3850704630548,
      -282.4173356632751,
      -282.4485272496751,
      -282.47867638439055,
      -282.5078134086446,
      -282.5359678481356,
