{"batch_loss":4.8517327308654785,"learning_rate":0.0007,"step":7,"_timestamp":1.7528144936086469e+09,"_step":7,"_wandb":{"runtime":452},"_runtime":452}