circuit_idx,circuit,r2,r2_baseline,r2_gain,rmse,mae,pearson,spearman,best_alpha,val_preds,val_true,val_X_pca,train_losses,val_losses
2,"               ┌───┐┌───┐┌───┐┌───┐┌───┐          ┌───┐                                                  ┌───┐┌───┐┌───┐┌───┐┌───┐┌───┐               
q_0: ───────■──┤ H ├┤ H ├┤ X ├┤ H ├┤ T ├───────■──┤ T ├─────────────────■───────────────────■─────────■──┤ H ├┤ H ├┤ T ├┤ H ├┤ T ├┤ H ├───────────────
     ┌───┐  │  ├───┤├───┤└─┬─┘└───┘└───┘       │  └───┘                 │                   │         │  ├───┤├───┤├───┤├───┤└───┘├───┤     ┌───┐     
q_1: ┤ T ├──┼──┤ T ├┤ T ├──┼───────────────────┼────────────────────────┼──────────────■────┼────■────┼──┤ H ├┤ H ├┤ H ├┤ X ├──■──┤ H ├─────┤ X ├─────
     ├───┤  │  └───┘└───┘  │                   │            ┌───┐┌───┐  │  ┌───┐┌───┐  │    │    │    │  └───┘└───┘└───┘└─┬─┘  │  └───┘     └─┬─┘     
q_2: ┤ H ├──┼──────────────┼───────────────────┼─────────■──┤ T ├┤ H ├──┼──┤ H ├┤ H ├──┼────┼────┼────┼───────────────────┼────┼──────────────┼───────
     ├───┤  │  ┌───┐┌───┐  │            ┌───┐  │  ┌───┐  │  └───┘└───┘  │  └───┘└───┘  │    │    │  ┌─┴─┐                 │    │              │       
q_3: ┤ T ├──┼──┤ H ├┤ H ├──┼─────────■──┤ H ├──┼──┤ T ├──┼──────────────┼──────────────┼────┼────┼──┤ X ├─────────────────┼────┼──────────────┼───────
     ├───┤┌─┴─┐├───┤├───┤  │  ┌───┐┌─┴─┐└───┘  │  └───┘  │              │              │    │  ┌─┴─┐├───┤┌───┐            │  ┌─┴─┐┌───┐┌───┐  │  ┌───┐
q_4: ┤ T ├┤ X ├┤ T ├┤ H ├──┼──┤ H ├┤ X ├───────┼─────────┼──────────────┼──────────────┼────┼──┤ X ├┤ H ├┤ T ├────────────■──┤ X ├┤ H ├┤ H ├──┼──┤ H ├
     ├───┤├───┤└───┘└───┘  │  └───┘└───┘     ┌─┴─┐     ┌─┴─┐┌───┐┌───┐┌─┴─┐┌───┐     ┌─┴─┐┌─┴─┐├───┤├───┤├───┤┌───┐┌───┐     └───┘└───┘└───┘  │  └───┘
q_5: ┤ T ├┤ T ├────────────■─────────────────┤ X ├─────┤ X ├┤ T ├┤ T ├┤ X ├┤ T ├─────┤ X ├┤ X ├┤ H ├┤ H ├┤ H ├┤ H ├┤ H ├──────────────────────■───────
     └───┘└───┘                              └───┘     └───┘└───┘└───┘└───┘└───┘     └───┘└───┘└───┘└───┘└───┘└───┘└───┘                              ", 

0.38774627447128296,0.3838115930557251,0.003934681415557861,0.7210926357603712,0.5756277441978455,0.6248834,0.613089673427474,100.0,"[ 5.41172922e-01  5.42211592e-01  3.63643259e-01  3.78685743e-01
 -6.67923838e-02  5.13910890e-01  1.55266762e-01  8.81101727e-01
  8.41456532e-01 -9.79403019e-01 -9.64854807e-02  1.65388286e-01
 -8.21136475e-01 -8.67270768e-01 -7.62219191e-01 -1.64289579e-01
 -5.09126961e-01 -8.79336238e-01  1.83303550e-01  5.96219748e-02
 -4.63533133e-01  5.04742384e-01  6.90164804e-01  6.90164804e-01
 -3.64895821e-01 -1.62475128e-02  3.26150656e-02 -5.92795491e-01
 -4.67660457e-01 -2.02815190e-01  1.24820899e-02  4.21836764e-01
  3.16973776e-02  3.52826864e-02 -4.33647424e-01 -7.72046268e-01
 -2.18722120e-01  4.78640109e-01 -1.45679191e-01 -7.98775733e-01
 -8.05550098e-01  1.53428897e-01  4.71865982e-02 -1.19172409e-01
 -6.00204825e-01 -2.89846331e-01 -1.87355597e-02 -1.08816373e+00
 -1.33240473e+00  1.71856105e-01  8.80571961e-01 -4.10283029e-01
 -5.53613544e-01  8.73944640e-01 -2.88002223e-01 -1.50534853e-01
  8.14067572e-02  1.76219270e-01  1.13225371e-01  4.43439513e-01
  8.62806797e-01 -1.18032861e+00  6.41845942e-01 -8.39282990e-01
  5.60284853e-01  4.88084495e-01 -4.51873988e-01 -2.71418273e-01
 -5.42050749e-02  1.45985588e-01  3.29731137e-01  1.14407524e-01
  2.92456876e-02  1.83373168e-01  1.75882071e-01  3.75852764e-01
  1.45925298e-01  1.23053804e-01  2.36457378e-01 -8.09294730e-02
  2.61871349e-02  6.53337687e-02  2.42821828e-01  6.76221609e-01
  4.92551357e-01  1.92583546e-01 -8.83868456e-01 -3.75805706e-01
 -2.16678549e-02 -3.22707832e-01  6.19199932e-01 -1.13029861e+00
 -1.74748674e-01  4.05975163e-01  7.68434882e-01  5.02436996e-01
  5.08299589e-01  3.71734172e-01  7.35771894e-01  5.09663463e-01
  6.00141764e-01  3.00073683e-01  5.37062526e-01  3.94012004e-01
  3.76064688e-01  4.88620520e-01  6.29218578e-01  6.73656821e-01
 -1.69893637e-01 -6.64969921e-01 -3.07017326e-01 -1.30849052e-02
  4.67620650e-03  1.53731957e-01  1.09089315e-01  2.41341125e-02
  3.70426327e-02 -4.75608021e-01 -5.63952804e-01 -2.61481076e-01
  3.30463737e-01  9.54467803e-02  3.88156027e-02  3.93245608e-01
  2.72794247e-01  2.15224519e-01  2.12098151e-01 -2.07717329e-01
 -3.82416040e-01 -3.49135160e-01 -5.70420504e-01 -5.36945462e-01
  2.11436883e-01 -5.97977877e-01 -5.62895715e-01 -7.55750239e-01
 -1.77895516e-01  4.93174344e-02 -5.81961989e-01  3.24778378e-01
  3.09375077e-01  1.54286921e-01  2.99635559e-01  2.34901801e-01
  2.68796295e-01  3.32645208e-01  7.25291967e-02 -4.28592861e-01
 -2.67289102e-01 -5.33554442e-02 -6.83060050e-01 -6.01134360e-01
 -8.13257158e-01 -5.93248010e-01 -8.49063039e-01 -6.48846984e-01
 -4.65532899e-01 -3.26987833e-01 -3.04440469e-01 -2.21314102e-01
 -1.43522788e-02  5.85609198e-01  6.01233423e-01  4.93607074e-01
  3.40033531e-01 -1.51412353e-01 -4.03370768e-01 -8.47335815e-01
 -2.60390133e-01 -1.39517844e-01 -9.40838754e-01 -5.60734570e-01
 -9.20761228e-01 -5.73838055e-01 -9.78653610e-01 -3.30285868e-03
 -9.23964202e-01 -1.02678621e+00 -1.13370001e+00 -3.49473119e-01
 -5.28737247e-01 -6.68502450e-01 -3.01790744e-01 -1.49144549e-02
 -1.74497113e-01 -7.87540227e-02 -5.80397725e-01 -5.73378861e-01
 -4.41873819e-01 -7.47863352e-01 -3.94032508e-01 -3.77629369e-01
 -6.34826899e-01 -9.49024737e-01 -1.01191521e+00 -7.55301535e-01
  1.02704179e+00  7.18441188e-01  2.72083908e-01  3.20146173e-01
 -7.00370818e-02  9.72170942e-03 -6.38762712e-01  1.45004839e-01
 -1.16250351e-01 -2.10704673e-02 -5.64569682e-02  1.31733313e-01
 -1.42492697e-01 -1.64986312e+00  2.32106254e-01 -4.07066256e-01
  4.60471720e-01  2.18239278e-01  1.54247209e-01  3.71755570e-01
  1.72783539e-01  1.34241879e+00  6.60406411e-01 -2.19172791e-01
 -9.66673493e-01  3.46903682e-01 -2.96923697e-01 -3.19411665e-01
  1.34948954e-01 -5.26129454e-02  6.09930515e-01  8.32365602e-02
 -8.70133579e-01 -6.02284558e-02  1.33232355e-01 -1.09209672e-01
 -8.83594342e-03  3.97543728e-01 -6.30212486e-01 -1.68438315e-01
  7.78703839e-02 -1.31486490e-01  1.06871761e-01  6.48919791e-02
  1.94455653e-01  2.36763153e-04 -2.90129691e-01 -4.05015111e-01
 -6.00027323e-01 -2.04784304e-01  6.97218359e-01  9.99093503e-02
  2.56101280e-01  2.55275905e-01  1.22955859e-01 -3.08997303e-01
 -5.28230190e-01 -4.64456767e-01 -5.82858205e-01  5.96436977e-01
  5.23801208e-01  5.55108070e-01 -3.46053272e-01  1.69717923e-01
 -2.78468162e-01  1.51184762e+00 -1.96724012e-01  2.20291793e-01
  1.77981436e+00  7.18853354e-01  1.06402743e+00  7.67943412e-02
  1.68644524e+00  5.03322124e-01 -7.55039036e-01  2.09718987e-01
  1.46939266e+00  5.43418348e-01 -8.56846809e-01  6.52524471e-01
  8.48527133e-01  8.35355103e-01  7.96214879e-01  8.14544082e-01
  5.89438796e-01  8.74252200e-01  7.91966796e-01  8.05004001e-01
  8.10469747e-01  5.08738995e-01  4.55139130e-01  1.58926994e-01
  8.32756087e-02 -1.71377733e-01  7.33562112e-01 -1.96950678e-02
 -1.37834832e-01 -6.50672754e-03  9.81806278e-01 -5.54322362e-01
 -6.49563670e-01 -9.92171764e-02  9.93564665e-01  8.61485958e-01
 -4.16267842e-01  3.14146489e-01 -3.72812718e-01  4.36119586e-01
 -7.67460883e-01 -4.24056351e-02  3.33689839e-01 -4.90926296e-01
 -5.12706280e-01 -1.01523235e-01 -5.11591673e-01 -1.63017353e-03
  7.62122571e-02 -2.29374051e-01  3.35758746e-01  1.66949522e+00
 -7.61450678e-02 -5.25141120e-01  9.29822087e-01 -8.36629793e-02
 -5.83261251e-01 -1.44488201e-01 -4.63372022e-02 -3.04310650e-01
  7.23065138e-01 -1.25551975e+00  4.47854072e-01  4.93535697e-02
 -2.14795068e-01  7.23900497e-02 -2.56313942e-05 -1.52980253e-01
 -1.54041484e-01 -4.11891997e-01 -9.28892851e-01 -9.29662168e-01
 -8.15090001e-01  8.29164267e-01  1.47795603e-01 -2.75425702e-01
 -8.67077589e-01  2.09114239e-01 -1.25305688e+00 -8.18058193e-01
 -2.26787124e-02 -6.32219195e-01  1.55452173e-02 -8.71928111e-02
 -1.72886297e-01 -6.93466663e-02 -9.74467024e-02 -1.32866189e-01
 -2.02813879e-01 -2.24380121e-01  8.06219801e-02  2.43995115e-01
 -3.49970132e-01  3.89084697e-01  3.28724533e-01  4.27259862e-01
 -1.95345387e-01  1.00167409e-01  4.13639635e-01  1.59353286e-01
 -1.43087462e-01  2.86764234e-01  3.67270082e-01  4.35073167e-01
  4.16280121e-01  4.07119781e-01 -1.21160305e+00 -5.57599783e-01
 -8.48905206e-01 -7.80330062e-01 -6.09136760e-01 -1.56665042e-01
 -9.99173164e-01 -5.67416191e-01 -6.41258240e-01 -6.72107875e-01
 -5.24038911e-01 -3.02228719e-01 -2.26526663e-01  6.48750514e-02
  1.87258470e+00  4.61515099e-01  2.72714108e-01  6.10825360e-01
  4.61459368e-01 -2.88111269e-01  3.63235056e-01 -6.76943421e-01
 -2.83571750e-01 -6.80609822e-01 -7.97749043e-01 -8.38736415e-01
 -6.70058787e-01  8.46012831e-01 -8.09649974e-02  5.13285249e-02
 -1.21414137e+00 -1.19107082e-01 -2.80422062e-01  2.21401715e+00
  2.21001697e+00  1.83046266e-01  3.21428090e-01 -6.05188966e-01
 -8.43987107e-01 -6.84668601e-01  8.75532269e-01  4.42549020e-01
 -8.69174123e-01 -1.87214315e-01  1.82146758e-01  5.66850305e-01
  9.28720117e-01  3.05299014e-01 -3.64144415e-01 -3.12135428e-01
 -3.38481754e-01 -2.41347939e-01 -1.10991323e+00 -1.25619054e+00
 -4.41127032e-01 -7.70508289e-01 -1.18002081e+00 -7.58931279e-01
 -1.11844969e+00 -3.97461265e-01 -3.40456039e-01 -5.70740998e-01
 -3.41831714e-01 -3.13324690e-01 -5.88412404e-01 -6.02360368e-01
 -6.11669779e-01 -5.16888678e-01 -5.41502357e-01 -5.75988710e-01
 -5.85070610e-01 -7.98511147e-01 -6.52195334e-01 -2.93919712e-01
  1.21728014e-02  4.68560904e-02 -6.11500349e-04  4.13051397e-02
 -1.12070456e-01  9.50548053e-01 -2.16485471e-01 -9.72832590e-02
  4.67111468e-01 -2.74699181e-01 -8.55197668e-01  2.33066618e-01
  8.64875838e-02  2.66639199e-02  1.74750006e+00  1.50931418e+00
  1.69913113e+00  1.75786483e+00  1.50931418e+00  1.10472977e+00
  1.04077089e+00  9.02820051e-01  8.03228140e-01  1.70718658e+00
  1.59635675e+00 -2.57214576e-01  2.07983106e-01 -2.90217549e-01
  3.46750468e-02 -4.90947396e-01  3.89558047e-01 -5.45502841e-01
 -3.10175866e-01 -8.16285372e-01  1.73056856e-01 -5.47983527e-01
  9.34862614e-01 -6.10957146e-02 -2.82039106e-01 -4.58505183e-01
 -3.26901317e-01  1.78597450e+00  6.01864457e-01  6.28375232e-01
  6.59698427e-01  1.74081933e+00  5.09395301e-01  4.57721859e-01
 -1.33984759e-01  5.01804829e-01  5.35593629e-01  2.78467000e-01
  8.29971433e-01  3.17173123e-01  4.56913620e-01 -8.65748048e-01
  3.59173954e-01  2.89668441e-01 -2.66210258e-01  8.05396914e-01
  4.45678562e-01  7.26187676e-02 -1.59151465e-01 -2.60553628e-01
 -1.92707762e-01 -1.65448025e-01 -1.93470884e-02 -4.71480161e-01
  8.56898576e-02 -4.55049276e-01 -7.36171892e-03  5.85952997e-01
  5.83384871e-01  5.12103558e-01  4.77966040e-01  4.27531570e-01
 -3.96062195e-01  4.83065605e-01  3.96522492e-01 -6.34413540e-01
 -6.68407917e-01 -4.87045258e-01 -5.11023521e-01  9.46431756e-02
 -8.13390195e-01 -1.32888114e+00  4.91884977e-01 -2.66420931e-01
  2.21835285e-01 -3.15088689e-01 -4.52035815e-01 -1.09328139e+00
  3.67262840e-01  6.79062307e-01 -2.36765489e-01 -1.02378440e+00
  1.62287503e-01  3.89806241e-01 -6.33108735e-01  9.34116691e-02
  1.38500690e-01  3.89137119e-01 -4.30282742e-01 -1.48144877e+00
 -3.73646647e-01 -7.08879948e-01 -1.18411887e+00 -1.52827099e-01
 -1.60267010e-01  8.54821742e-01  8.19784641e-01  8.39102626e-01
  7.49763906e-01  2.27237895e-01  6.21854246e-01 -2.45172605e-01
 -3.10252339e-01  5.76178968e-01  8.15581083e-01  1.60199791e-01
  1.83308989e-01 -1.78256571e-01 -7.55885363e-01  3.46984327e-01
 -9.10757668e-03 -8.59884381e-01 -9.07341421e-01 -7.17100620e-01
 -8.10118973e-01 -6.45134985e-01 -6.66677833e-01 -2.33441144e-01
 -7.26422518e-02  1.66593984e-01 -2.56648839e-01 -7.84496516e-02
 -4.82579380e-01 -4.67568547e-01 -5.54710090e-01 -5.63233018e-01
 -4.13343638e-01 -6.43096745e-01 -4.60166365e-01 -5.40114045e-01
  1.62596434e-01  3.85977894e-01  4.36351687e-01  2.67541796e-01
  3.40060145e-01  4.03525710e-01  6.70754373e-01 -3.52072954e-01
  6.00337625e-01 -8.11220527e-01 -8.12891781e-01 -4.40591961e-01
 -5.55608094e-01 -3.28299195e-01 -1.18142262e-01 -9.74705815e-01
 -7.79017925e-01 -4.79437649e-01 -5.03667295e-01 -5.19962966e-01
 -2.32083902e-01  8.56212974e-02 -2.54216492e-01 -6.50233179e-02
  1.98639587e-01  2.47295061e-03  3.69630039e-01  5.77455878e-01
 -3.00111979e-01 -9.16195393e-01 -1.34233102e-01 -3.10675681e-01
 -1.70203403e-01  9.55105126e-02  5.07694423e-01  4.30783153e-01
  1.85682654e-01 -5.38644791e-02  1.26645491e-01 -2.89728403e-01
  9.65779424e-01  5.47700942e-01  8.26481134e-02 -1.02949452e+00
  8.24212313e-01  5.02126932e-01  5.33954024e-01 -2.95249194e-01
 -1.15426838e+00 -2.13618234e-01 -1.07783163e+00  2.76824087e-01
  4.10234541e-01  5.00822186e-01  3.16133440e-01  3.40351105e-01
  3.59862328e-01  2.93570638e-01 -6.16716623e-01 -7.22658038e-01
  1.26356685e+00  1.53291667e+00  1.74408519e+00 -3.72374445e-01
 -3.50589007e-02  1.33052841e-01  1.79883778e-01  1.15013704e-01
  3.15064251e-01 -6.11820042e-01 -6.19951129e-01 -7.60929108e-01
  3.25138479e-01  3.43839616e-01  4.67073172e-01 -5.42810798e-01
 -3.88201445e-01 -8.29583257e-02  8.53714868e-02 -5.12836099e-01
 -7.52286434e-01 -3.53853077e-01  4.02578145e-01  1.53865755e+00
  9.28270966e-02  3.01736295e-01 -5.22025675e-02  9.70196247e-01
  8.45286846e-01 -1.96312502e-01 -3.72100979e-01 -3.62402201e-02
  1.80017903e-01  8.76631886e-02  3.05600673e-01  7.31054664e-01
  5.31086028e-01 -4.39038090e-02 -1.95332572e-01 -1.94119617e-01
 -2.75393456e-01 -3.10358196e-01 -7.06736386e-01 -5.63860357e-01
 -5.28892100e-01  2.37143040e-01  2.44634792e-01  3.22079062e-01
 -3.29735428e-01  6.11109972e-01 -8.47368717e-01  2.16351911e-01
  4.04762894e-01  5.10499179e-01 -3.45965683e-01 -5.33537924e-01
  9.09651160e-01  3.54831845e-01 -9.42345619e-01 -6.55481994e-01
 -1.07086122e+00  2.06231308e+00 -1.12580168e+00  6.18310332e-01
 -7.61072874e-01 -4.30414230e-01 -5.25676310e-01 -2.81655282e-01
 -3.25146139e-01 -4.18861717e-01 -5.29908776e-01 -3.36512357e-01
 -3.30710858e-01 -8.30446899e-01  1.09079018e-01 -3.27453464e-02
  4.69362140e-01 -4.33851212e-01 -5.34578264e-01 -3.58790427e-01
 -8.80271077e-01 -7.86382675e-01 -7.92262793e-01 -3.53661597e-01
 -4.85430092e-01 -2.92340755e-01  9.57035422e-02  1.23980686e-01
  6.61393464e-01  5.49755037e-01  6.11358047e-01  9.46006238e-01
  9.51760530e-01  8.01700711e-01  3.30320626e-01 -6.20602012e-01
 -7.21526980e-01 -7.51113415e-01  1.87335745e-01  2.66421765e-01
  1.03546596e+00 -1.68395340e+00  1.28036082e+00 -4.07270849e-01
  1.10421073e+00 -5.72185338e-01 -5.48398197e-01 -5.85285127e-01
 -5.17039299e-01 -5.02399862e-01 -4.70478714e-01 -4.88677174e-01
 -5.17039299e-01 -6.89012527e-01 -1.54118106e-01 -5.07343173e-01
  3.28697681e-01  1.81388751e-01 -1.02680552e+00 -1.02294886e+00
 -1.00252521e+00  7.60841370e-01  8.11500311e-01 -1.30712295e+00
  5.57525575e-01  4.78092045e-01  3.55628192e-01  5.33643246e-01
 -5.12869716e-01 -7.30054498e-01 -6.03562713e-01  1.23873150e+00
  1.05180836e+00  3.94094497e-01 -9.21784818e-01  9.20026541e-01
  9.48985666e-02  1.34631425e-01 -3.55128318e-01 -4.98896867e-01
 -1.33568561e+00 -1.33568561e+00  1.04990149e+00  1.04642093e+00
  9.72751856e-01  4.22108531e-01  3.26656252e-01 -1.64065838e+00
 -1.51917481e+00  8.45657647e-01  5.48087120e-01  4.22688395e-01
  4.02243584e-02 -3.09322983e-01 -4.89903092e-01  4.24724072e-01
  7.94909596e-01  5.64034939e-01  5.87821424e-01  5.42033613e-01
  6.88131034e-01  6.47032857e-01 -5.55848926e-02 -7.64217377e-01
  3.43590647e-01 -4.34912473e-01  6.14436418e-02  5.58890522e-01
  6.19434059e-01  6.09746277e-01  5.14169335e-01  1.61643493e+00
  4.10877675e-01  6.53835610e-02 -9.10720378e-02 -2.00423539e-01
 -1.66571453e-01  4.33824817e-03 -1.07391283e-01  1.78807303e-01
 -3.21268678e-01 -2.02336177e-01  2.29992628e-01 -1.94212988e-01
 -2.26426721e-01  1.43267915e-01  9.06670541e-02 -4.25429419e-02
  6.76829159e-01 -1.09641337e+00 -2.71669049e-02  1.97634590e+00
 -3.45546901e-01  4.03774172e-01 -1.33187068e+00 -1.05183387e+00
 -1.26932907e+00 -3.32692295e-01 -4.02813107e-01  3.93160582e-01
  5.06773293e-01 -3.75662267e-01 -3.92385542e-01  5.68716824e-01
  6.12503886e-01  4.42638189e-01 -1.82085767e-01 -2.73729891e-01
 -1.53020814e-01 -1.53172299e-01  9.59078908e-01  1.62960494e+00
 -3.63474458e-01  2.87349612e-01  1.44464955e-01 -3.27283591e-01
 -3.92539114e-01 -3.15820932e-01 -4.88771379e-01 -3.49234790e-01
 -7.69319057e-01 -4.36462462e-01 -3.86094958e-01  6.49958372e-01
  6.30886197e-01  1.18315473e-01 -3.81891569e-03 -2.87368923e-01
 -4.12476271e-01 -3.27859133e-01 -2.43289813e-01 -4.69599456e-01
 -3.68627280e-01 -2.84005255e-01 -3.88050228e-01 -1.46159008e-01
  3.83028984e-01  3.19865346e-01  2.32905418e-01 -7.42481828e-01
 -3.18832636e-01  8.95158529e-01  9.35065091e-01 -6.15306735e-01
 -1.00563288e+00  5.92936039e-01  7.62394190e-01  7.95602620e-01
  7.17955053e-01  3.47688198e-01  6.73437268e-02  3.40673268e-01
  2.64302671e-01 -8.59160066e-01 -3.60448807e-01  6.06799245e-01
 -7.61649370e-01 -4.91686642e-01 -1.60348058e-01 -3.85838747e-02
 -3.24522197e-01 -3.78882140e-02 -3.14946651e-01 -1.69175819e-01
 -5.17150879e-01  1.15997529e+00  9.70932543e-01  6.01740599e-01
  3.69569987e-01  5.77184319e-01  2.26344153e-01  9.46747512e-02
  1.34658590e-01  2.10351676e-01  1.18977264e-01  4.97198999e-02
 -4.22179550e-02  6.22161388e-01  5.44477820e-01  2.37006024e-01
  3.33023816e-01]","[ 1.31616664e+00  1.27552319e+00  1.58034909e+00  1.93597901e+00
  2.39829803e+00  1.91057682e+00  3.25483114e-01  1.51938355e+00
  1.43809676e+00 -8.37934971e-01  3.66126508e-01 -5.12787640e-01
 -1.53395379e+00 -5.78833282e-01 -1.42218447e+00 -1.92514682e+00
 -1.15292180e+00 -1.42726481e+00 -8.60318020e-02 -6.95683122e-01
  7.52238929e-01 -3.60374928e-01 -3.01470216e-02 -6.57098666e-02
 -1.39678216e+00  1.26536214e+00  9.04651642e-01 -1.06147385e+00
 -1.24944985e+00  6.09987080e-01  1.34156883e+00  8.58928204e-01
 -2.11820292e+00 -1.49331033e+00 -1.47298872e+00 -4.53881696e-02
 -5.22948503e-01  3.08180638e-02  6.91273868e-01 -1.19356513e+00
 -1.07671523e+00  1.08246684e+00 -8.32854688e-01 -8.32854688e-01
  1.23996031e+00 -2.84168452e-01 -2.02881426e-01 -1.99627280e+00
 -1.30533457e+00 -4.82305080e-01 -3.14650983e-01 -1.46790826e+00
 -1.18848455e+00 -4.03078683e-02 -7.00763404e-01 -3.60374928e-01
 -4.51822549e-01  5.33780634e-01 -3.40053231e-01  5.54102302e-01
  3.00080895e-01 -1.43234527e+00  3.71206820e-01 -2.08264017e+00
  1.05198407e+00  1.03166234e+00 -1.82559729e-01 -5.53431034e-01
 -3.70535761e-01  7.82721519e-01  9.04651642e-01  1.27552319e+00
  6.96354389e-01 -6.75361454e-01 -5.58511555e-01 -3.14650983e-01
 -9.03980613e-01 -1.05131304e+00 -7.00763404e-01  8.53847682e-01
  7.87802041e-01  1.14343190e+00 -4.16259468e-01  7.82721519e-01
  5.64263165e-01  1.10786915e+00 -2.84168452e-01  5.08378386e-01
  1.97662234e+00  6.91273868e-01  2.17983937e+00 -1.78797519e+00
  2.34035254e-01  7.06515253e-01  1.67989627e-01  5.13458908e-01
  1.16375363e+00  1.98472410e-01 -4.03078683e-02  1.17185384e-01
 -1.36836037e-01 -4.82305080e-01  1.37713170e+00  6.65871620e-01
  5.99826217e-01  6.45549953e-01  5.99826217e-01  6.65871620e-01
  5.33780634e-01 -4.77224797e-01 -4.51822549e-01  1.47667930e-01
  1.83231011e-01  3.25483114e-01  5.62203042e-02  9.68636945e-02
  4.09789123e-02 -3.24811846e-01 -7.76969910e-01 -1.26675189e-01
  1.08754742e+00  1.27346233e-01  9.65617239e-01  8.03043187e-01
  4.22011048e-01  1.55769140e-02  5.38860917e-01 -1.49056287e-02
 -6.57098666e-02 -9.82532557e-03 -1.20880628e+00 -1.39678216e+00
  5.38860917e-01 -8.88739467e-01 -9.59865391e-01 -7.92211294e-01
  1.37507081e-01 -8.32854688e-01  1.01944238e-01 -7.71889627e-01
 -6.70280874e-01 -6.09315813e-01 -5.17868161e-01 -5.43270171e-01
 -7.10924268e-01 -4.56902862e-01  3.66126508e-01 -2.28283659e-01
 -3.09570432e-01  5.38860917e-01 -1.10211754e+00 -1.29009330e+00
 -9.44624007e-01 -1.03607190e+00 -1.29517376e+00 -7.71889627e-01
 -1.97801128e-01 -6.29637480e-01 -7.58707151e-02 -1.19356513e+00
 -1.17324340e+00 -3.40053231e-01  5.79504550e-01  1.52748480e-01
 -2.84168452e-01 -1.42218447e+00  1.01134074e+00 -1.02591097e+00
 -8.32854688e-01 -1.41202343e+00 -1.78797519e+00 -1.68128633e+00
 -1.86418164e+00 -1.84386003e+00 -1.53395379e+00 -1.38154089e+00
 -1.23420858e+00 -1.64572322e+00 -1.51363206e+00 -1.12243915e+00
 -3.40053231e-01 -8.63337219e-01 -7.56648242e-01 -6.19476676e-01
 -3.75616074e-01 -8.48096073e-01 -2.28283659e-01 -6.95683122e-01
 -9.34463143e-01 -9.80187118e-01 -9.70026255e-01 -2.48605356e-01
 -2.15376616e+00 -1.34089756e+00 -1.49839079e+00 -1.61524069e+00
  1.04690397e+00  2.07315040e+00  1.08246684e+00  7.14616925e-02
  1.36697102e+00  1.27552319e+00  1.16375363e+00  1.11294961e+00
  1.67179644e+00  6.55710757e-01  3.00080895e-01  1.67179644e+00
 -9.75106776e-01 -1.17324340e+00  5.11399992e-02 -2.63846755e-01
  6.04906559e-01 -4.16259468e-01  3.96609068e-01  7.87802041e-01
  6.15067422e-01  1.30092549e+00  4.57574129e-01  4.93137211e-01
  6.35389090e-01  4.11850214e-01 -1.80829704e+00 -1.11735868e+00
  8.84329975e-01  9.50375617e-01  8.28445435e-01  5.38860917e-01
 -4.92465943e-01  7.14616925e-02  1.52748480e-01 -2.28283659e-01
  4.09789123e-02  5.03298044e-01 -5.88994086e-01 -4.82305080e-01
 -6.09315813e-01 -9.80187118e-01 -9.49704528e-01 -6.60120070e-01
 -4.77224797e-01 -9.29382861e-01  3.86448205e-01 -1.36836037e-01
 -3.40053231e-01 -4.03078683e-02  6.25228226e-01  5.69343686e-01
  2.57377606e-02 -2.50664763e-02  6.96354389e-01 -2.02881426e-01
 -1.32565629e+00 -6.34718060e-01 -1.10211754e+00  4.88056690e-01
  1.16375363e+00  1.05706465e+00  3.55965674e-01  7.31917262e-01
 -9.14141476e-01  2.25604606e+00 -2.28283659e-01  2.84839481e-01
  2.12903523e+00  8.33525956e-01  1.11294961e+00  3.61045957e-01
  1.41777503e+00 -1.10211754e+00 -1.02083051e+00  3.30563426e-01
  3.86448205e-01  1.90041566e+00 -1.17832375e+00  2.57377606e-02
 -1.99861731e-02  1.57828778e-01  3.55965674e-01  4.82976377e-01
  2.08633259e-01 -2.28283659e-01  8.16225410e-02 -3.01470216e-02
  4.09789123e-02 -2.07961977e-01  3.50885123e-01 -4.36581165e-01
 -1.13260007e+00 -9.59865391e-01  1.07230628e+00  5.49021780e-01
  6.09987080e-01  9.17833894e-02  1.18407536e+00  1.02150178e+00
  1.21455812e+00  8.84329975e-01  1.03166234e+00  1.31108606e+00
  2.34035254e-01  3.15322280e-01 -1.21388686e+00 -1.01272956e-01
 -5.94074667e-01  1.55769140e-02  1.57828778e-01 -9.11121070e-02
  1.78150713e-01 -1.11735868e+00 -1.22404766e+00  4.11850214e-01
  3.91528517e-01 -4.01018322e-01  3.15322280e-01  2.24080443e+00
  9.14812744e-01 -5.43270171e-01  1.29584491e+00  7.31917262e-01
 -1.31755501e-01  1.27346233e-01  6.45549953e-01  5.41606639e-03
  1.13327134e+00 -1.48822999e+00  4.22011048e-01 -2.50664763e-02
 -5.73752701e-01 -9.11121070e-02 -2.38444507e-01  3.45804811e-01
  1.93391860e-01 -1.59999943e+00 -7.87130773e-01 -7.16004848e-01
 -1.23420858e+00  6.45549953e-01 -9.70026255e-01  2.79759198e-01
 -1.40186262e+00  3.58986072e-02 -7.41407037e-01 -2.15376616e+00
  1.42587632e-01 -7.71889627e-01  9.68636945e-02  2.39115804e-01
 -2.74007589e-01 -6.06295615e-02  1.67989627e-01  2.03552708e-01
  1.88311562e-01  2.84839481e-01  4.93137211e-01  3.30563426e-01
 -3.34972680e-01  3.45804811e-01  6.65871620e-01  4.06769902e-01
  1.57828778e-01  9.04651642e-01  5.64263165e-01 -1.02591097e+00
  9.09732223e-01  1.12311029e+00  8.08123708e-01 -6.09315813e-01
  3.30563426e-01 -3.24811846e-01 -1.65588403e+00 -2.16900754e+00
 -1.06655443e+00 -6.95683122e-01 -5.73752701e-01 -1.05131304e+00
 -8.07452440e-01 -7.31246233e-01 -6.19476676e-01 -6.39798343e-01
  3.25483114e-01  1.37507081e-01  1.32426783e-01 -1.52077183e-01
  2.10363317e+00  6.45549953e-01  8.53847682e-01  9.30053890e-01
  1.12105086e-01 -8.93819749e-01  1.32426783e-01 -3.65455240e-01
 -5.99154949e-01 -2.89248765e-01 -8.78578603e-01 -2.99409598e-01
 -4.36581165e-01  3.25483114e-01 -4.77224797e-01  3.96609068e-01
 -1.27485192e+00  4.62654680e-01  2.59437501e-01  2.68788218e+00
  2.29160881e+00  1.30092549e+00  1.20947754e+00 -6.65200591e-01
 -2.99409598e-01 -1.38662136e+00  1.58034909e+00  1.67179644e+00
 -3.80696625e-01  4.52493846e-01  7.16676116e-01  1.35680997e+00
  6.55710757e-01  2.59643483e+00  1.07230628e+00 -9.82532557e-03
  2.18794107e-01  6.04906559e-01 -3.01470216e-02 -1.16308260e+00
  5.74424028e-01  1.22265935e-01 -1.05639362e+00 -8.27774167e-01
 -1.20880628e+00 -9.80187118e-01 -6.75361454e-01 -8.07452440e-01
 -2.84168452e-01  1.01944238e-01 -1.04623270e+00 -1.26977146e+00
 -9.85267639e-01 -9.85267639e-01 -1.36629963e+00 -1.17832375e+00
 -1.09703696e+00 -1.66604495e+00  1.04690397e+00 -6.90602601e-01
  4.82976377e-01  2.23874405e-01  9.68636945e-02  2.59437501e-01
 -3.52273248e-02  1.18407536e+00 -1.18848455e+00 -6.44878864e-01
  1.27346233e-01 -4.72144246e-01  9.19893324e-01 -4.51822549e-01
 -4.56902862e-01 -7.61728764e-01  2.11887431e+00  2.27636766e+00
  1.78864658e+00  1.76324439e+00  1.74292266e+00  2.19000053e+00
  8.69088829e-01  2.08331132e+00  8.69088829e-01  8.79249930e-01
  1.17391467e+00  5.43941438e-01  3.55965674e-01 -2.63846755e-01
 -1.17324340e+00 -1.43234527e+00 -7.56648242e-01 -1.62238032e-01
 -1.09703696e+00 -4.82305080e-01  6.35389090e-01 -1.31549537e+00
  1.82420945e+00  4.82976377e-01  3.91528517e-01  7.14616925e-02
 -3.34972680e-01  1.56002688e+00  2.13713557e-01  2.44196102e-01
  2.59437501e-01  2.79965186e+00  1.47667930e-01  8.16225410e-02
 -9.44624007e-01 -1.62238032e-01  1.04963686e-02  5.13458908e-01
 -3.24811846e-01  5.41606639e-03 -8.60318020e-02 -9.61926505e-02
  7.06515253e-01 -2.43525058e-01 -4.82305080e-01  2.39115804e-01
  1.12105086e-01  7.77641177e-01 -3.09570432e-01  5.18539250e-01
 -5.38189888e-01 -2.33364210e-01  2.57377606e-02  3.71206820e-01
 -9.14141476e-01  8.08123708e-01 -2.28283659e-01 -1.49056287e-02
  1.07024543e-01  2.15443707e+00  2.06298971e+00 -1.34089756e+00
 -8.63337219e-01  8.38606536e-01  4.57574129e-01 -6.90602601e-01
 -1.05639362e+00 -1.50855160e+00 -3.50214064e-01 -8.88739467e-01
 -9.85267639e-01 -9.09061193e-01 -7.58707151e-02 -3.75616074e-01
  7.65419975e-02 -2.07961977e-01 -4.74478118e-03 -3.60374928e-01
 -6.49959207e-01  1.78150713e-01  4.47413296e-01  1.73070163e-01
  5.11399992e-02  9.17833894e-02 -8.68417799e-01  3.76287371e-01
  3.58986072e-02  1.05198407e+00 -8.32854688e-01 -1.69652760e+00
  5.59182882e-01 -2.00135326e+00 -1.91498590e+00 -2.68927068e-01
 -1.46996886e-01  7.52238929e-01  3.71206820e-01  9.19893324e-01
  2.23874405e-01  1.57828778e-01  1.70735979e+00  1.01944238e-01
  8.58928204e-01 -2.99409598e-01  4.09789123e-02 -1.34089756e+00
 -9.90347922e-01 -1.07163477e+00 -1.77273393e+00  5.08378386e-01
 -2.33364210e-01 -1.84894037e+00 -1.66096449e+00 -1.05639362e+00
 -1.32565629e+00 -8.88739467e-01 -7.10924268e-01 -6.29637480e-01
  3.86448205e-01  7.16676116e-01  1.83231011e-01  1.54986632e+00
  1.01134074e+00  9.30053890e-01  6.86193585e-01  7.01434731e-01
  4.88056690e-01  1.07024543e-01  9.80858386e-01  1.00118005e+00
  4.22011048e-01 -1.87640280e-01  6.15067422e-01 -4.74478118e-03
  6.55710757e-01  1.88311562e-01 -1.31755501e-01 -1.25961065e+00
  1.04963686e-02 -1.26469111e+00 -4.82305080e-01 -1.77479431e-01
 -9.82532557e-03  6.63811490e-02 -4.56902862e-01 -1.38154089e+00
 -7.92211294e-01 -5.17868161e-01 -5.17868161e-01  1.52748480e-01
 -2.15884638e+00 -1.29009330e+00 -1.37646055e+00 -1.43742573e+00
 -9.61926505e-02 -1.35613883e+00 -7.36326516e-01  1.11802971e+00
 -1.09195638e+00 -9.44624007e-01 -4.92465943e-01 -7.21085370e-01
 -3.75616074e-01  1.51938355e+00  1.01134074e+00  5.99826217e-01
 -1.31755501e-01  5.79504550e-01 -4.74478118e-03 -2.48605356e-01
  8.58928204e-01  5.33780634e-01  8.33525956e-01 -5.94074667e-01
  3.50885123e-01  8.13204288e-01  9.40214992e-01 -4.11179155e-01
 -5.53431034e-01 -4.01018322e-01 -8.07452440e-01  1.46857953e+00
  1.42793620e+00  1.46857953e+00  1.49398184e+00  1.10786915e+00
  8.64008248e-01  2.24080443e+00  4.67734993e-01 -1.01066959e+00
  7.77641177e-01  5.99826217e-01  3.05161417e-01  3.00080895e-01
 -3.60374928e-01 -7.05843985e-01 -5.02626777e-01 -9.61926505e-02
 -1.03099132e+00 -1.49839079e+00 -8.60318020e-02 -1.08687615e+00
  3.05161417e-01  5.54102302e-01  1.08754742e+00  6.45549953e-01
  3.86448205e-01  4.67734993e-01 -1.87640280e-01 -7.46487379e-01
 -1.20880628e+00 -9.82532557e-03  1.55769140e-02  3.00080895e-01
  3.45804811e-01  5.79504550e-01  3.86448205e-01  1.46857953e+00
  1.30600548e+00 -1.26469111e+00 -1.20372593e+00 -9.54784870e-01
 -4.26420301e-01 -6.55039728e-01 -2.99409598e-01  9.68636945e-02
 -1.18848455e+00 -7.71889627e-01 -8.60318020e-02  1.98472410e-01
  3.05161417e-01  4.57574129e-01  3.35521385e-04  1.67989627e-01
  1.47667930e-01  7.06515253e-01 -3.34972680e-01  1.67989627e-01
 -1.58475816e+00 -1.87640280e-01 -4.74478118e-03  1.27346233e-01
  5.62203042e-02  5.11399992e-02 -8.78578603e-01 -6.09315813e-01
  7.87802041e-01  5.03298044e-01 -1.06655443e+00 -1.17324340e+00
 -1.36121929e+00  1.72260094e+00 -3.90857458e-01  5.41606639e-03
 -6.95683122e-01 -6.49959207e-01 -6.80441737e-01 -1.06147385e+00
 -9.70026255e-01 -5.99154949e-01 -3.14650983e-01 -7.87130773e-01
 -8.17613304e-01 -1.24944985e+00 -3.29892129e-01 -3.80696625e-01
 -3.60374928e-01  4.22011048e-01 -2.18122825e-01 -2.13042513e-01
 -8.68417799e-01 -6.60120070e-01 -7.71889627e-01 -7.26165652e-01
 -7.76969910e-01 -6.80441737e-01  8.28445435e-01  4.11850214e-01
 -6.90602601e-01  1.04963686e-02 -5.17868161e-01  9.60536718e-01
  4.77895826e-01  8.58928204e-01  5.38860917e-01 -2.58766204e-01
 -6.65200591e-01 -8.73498082e-01 -2.48605356e-01 -3.40053231e-01
  6.65871620e-01 -1.82353830e+00  7.31917262e-01 -6.34718060e-01
  4.47413296e-01  3.76287371e-01 -5.63591897e-01 -1.03099132e+00
  1.31616664e+00 -6.90602601e-01  4.32172149e-01  5.74424028e-01
 -1.57157734e-01 -5.07707357e-01 -3.09570432e-01 -1.54411471e+00
  9.50375617e-01  2.47958469e+00  3.00080895e-01 -1.31755501e-01
  3.00080895e-01 -5.28029025e-01 -6.80441737e-01 -9.19221997e-01
  1.66163588e+00  9.96099532e-01 -3.60374928e-01 -6.55039728e-01
  1.47667930e-01 -1.70668840e+00 -9.59865391e-01  3.96609068e-01
  2.08839202e+00  3.76287371e-01 -1.88450336e+00  2.08839202e+00
  1.98472410e-01  3.08180638e-02 -1.00050879e+00 -9.34463143e-01
 -9.64945734e-01 -6.39798343e-01  7.67480373e-01  9.04651642e-01
  6.35389090e-01  6.55710757e-01  4.88056690e-01 -4.82305080e-01
 -5.12787640e-01  1.91057682e+00  5.23619771e-01  3.61045957e-01
 -6.06295615e-02  4.60594557e-02 -1.03099132e+00  6.35389090e-01
  1.18407536e+00  9.55456138e-01  5.79504550e-01  1.39237285e+00
  1.27552319e+00  1.06722569e+00 -5.38189888e-01  1.67179644e+00
 -5.22948503e-01 -6.34718060e-01 -8.88739467e-01  1.97662234e+00
  2.02742648e+00  1.74800324e+00  1.46857953e+00  5.54102302e-01
 -4.36581165e-01  4.62654680e-01  3.10241729e-01 -9.49704528e-01
  3.50885123e-01 -8.12533021e-01 -7.21085370e-01 -8.68417799e-01
 -9.59865391e-01 -7.10924268e-01 -1.43234527e+00  3.86448205e-01
 -1.56951690e+00 -3.80696625e-01 -7.36326516e-01 -9.49704528e-01
  6.30308807e-01 -1.48314953e+00 -1.00050879e+00  1.11294961e+00
 -5.99154949e-01  4.88056690e-01 -2.84168452e-01 -4.53881696e-02
 -1.49331033e+00  3.35521385e-04 -9.95428503e-01  4.37252432e-01
  4.82976377e-01  4.09789123e-02 -3.55294377e-01  6.76032484e-01
  5.43941438e-01  9.65617239e-01 -9.19221997e-01 -6.55039728e-01
 -3.70535761e-01 -2.07961977e-01 -5.55490181e-02  8.84329975e-01
  2.57377606e-02  3.58986072e-02  6.91273868e-01 -8.88739467e-01
 -6.85522258e-01 -5.73752701e-01 -9.64945734e-01 -8.07452440e-01
 -5.38189888e-01 -1.20372593e+00 -8.98900330e-01  4.82976377e-01
  5.33780634e-01  3.20402563e-01 -1.73209047e+00 -7.36326516e-01
 -7.56648242e-01 -8.68417799e-01 -7.56648242e-01 -1.04623270e+00
 -4.92465943e-01 -5.12787640e-01 -5.63591897e-01 -6.80441737e-01
 -1.21594645e-01  9.19893324e-01 -2.48605356e-01 -2.17916822e+00
 -1.75241220e+00  1.47667930e-01  4.60594557e-02 -1.23420858e+00
 -2.05215764e+00 -4.53881696e-02  1.04963686e-02  1.93391860e-01
  7.82721519e-01 -6.65200591e-01 -6.65200591e-01  4.62654680e-01
  1.88311562e-01 -1.63556230e+00 -6.49959207e-01  1.13327134e+00
  1.21455812e+00 -8.48096073e-01 -5.83913565e-01 -8.48096073e-01
 -8.32854688e-01  3.81367654e-01 -5.48350751e-01 -1.99861731e-02
  6.63811490e-02  1.93089843e+00  1.82420945e+00  1.82420945e+00
  1.46857953e+00  1.97154188e+00 -8.63337219e-01 -1.46996886e-01
 -1.26675189e-01 -7.07904100e-02  6.65871620e-01 -1.72398880e-01
 -4.53881696e-02  2.19000053e+00  1.05706465e+00  1.39237285e+00
  6.25228226e-01]","[[ 1.6226348  -2.438927   -0.5301489  ... -0.9281977  -2.630218
   1.7189149 ]
 [ 1.4618763  -2.250227   -0.59350944 ... -0.91346675 -2.3493075
   2.2611327 ]
 [ 1.8394171  -3.6227012  -0.9196739  ...  3.8626556  -1.8897375
  -0.55386126]
 ...
 [-4.664351    1.8181652  -1.5571866  ...  5.6721306  -1.2949312
  -0.8685295 ]
 [ 1.2445036   1.3484021  -0.13632932 ...  0.01980948 -1.0761145
  -1.3321803 ]
 [ 2.4244406  -1.6469027  -1.3615397  ... -0.8510964  -1.5917313
   0.43292487]]",[],[]
6,

"     ┌───┐                                        ┌───┐               ┌───┐┌───┐┌───┐┌───┐                         ┌───┐┌───┐┌───┐                         
q_0: ┤ T ├────────────────────────────────────────┤ X ├────────────■──┤ X ├┤ T ├┤ T ├┤ T ├──────────────────────■──┤ X ├┤ T ├┤ T ├─────────────────────────
     ├───┤┌───┐          ┌───┐                    └─┬─┘            │  └─┬─┘├───┤└───┘└───┘     ┌───┐┌───┐       │  └─┬─┘├───┤└───┘     ┌───┐┌───┐          
q_1: ┤ T ├┤ H ├──────────┤ X ├───────■─────────■────┼──────────────┼────■──┤ H ├──■────────────┤ X ├┤ H ├──■────┼────■──┤ X ├──■───────┤ X ├┤ X ├──────────
     └───┘├───┤          └─┬─┘┌───┐┌─┴─┐┌───┐  │    │              │  ┌───┐├───┤  │            └─┬─┘└───┘  │    │       └─┬─┘┌─┴─┐┌───┐└─┬─┘└─┬─┘          
q_2: ──■──┤ T ├───────■────┼──┤ T ├┤ X ├┤ T ├──┼────┼──────────────┼──┤ X ├┤ H ├──┼──────────────┼─────────┼────┼─────────┼──┤ X ├┤ H ├──┼────┼────────────
     ┌─┴─┐├───┤┌───┐  │    │  └───┘└───┘├───┤┌─┴─┐  │  ┌───┐┌───┐┌─┴─┐└─┬─┘├───┤  │  ┌───┐┌───┐  │  ┌───┐  │    │         │  ├───┤├───┤  │    │  ┌───┐     
q_3: ┤ X ├┤ H ├┤ T ├──┼────┼────────────┤ X ├┤ X ├──┼──┤ H ├┤ T ├┤ X ├──■──┤ H ├──┼──┤ X ├┤ T ├──┼──┤ T ├──┼────┼─────────■──┤ H ├┤ T ├──┼────■──┤ T ├─────
     └───┘└───┘└───┘┌─┴─┐  │  ┌───┐┌───┐└─┬─┘├───┤  │  ├───┤└───┘└───┘     └───┘┌─┴─┐└─┬─┘└───┘  │  └───┘┌─┴─┐┌─┴─┐          └───┘└───┘  │  ┌───┐├───┤┌───┐
q_4: ───────────────┤ X ├──┼──┤ X ├┤ T ├──┼──┤ X ├──■──┤ H ├────────────────────┤ X ├──┼─────────┼───────┤ X ├┤ X ├──────────────────────■──┤ T ├┤ H ├┤ H ├
     ┌───┐          └───┘  │  └─┬─┘└───┘  │  └─┬─┘┌───┐├───┤┌───┐               └───┘  │         │  ┌───┐├───┤├───┤┌───┐                    └───┘└───┘└───┘
q_5: ┤ H ├─────────────────■────■─────────■────■──┤ T ├┤ H ├┤ H ├──────────────────────■─────────■──┤ H ├┤ T ├┤ H ├┤ H ├───────────────────────────────────
     └───┘                                        └───┘└───┘└───┘                                   └───┘└───┘└───┘└───┘                                   ",
     
0.38435763120651245,0.3838115930557251,0.0005460381507873535,0.7230854306485329,0.5776135921478271,0.6225619,0.6111189975131166,100.0,"[ 5.39544821e-01  5.45473099e-01  3.32514167e-01  4.28644329e-01
 -2.07060371e-02  5.23599803e-01  1.46517053e-01  8.63948166e-01
  8.10365736e-01 -9.69731033e-01 -1.68015927e-01  1.81311265e-01
 -7.37904727e-01 -8.04376364e-01 -8.15881312e-01 -1.42003030e-01
 -5.77661216e-01 -8.83597255e-01  1.94190800e-01  7.99064413e-02
 -4.57065850e-01  5.13036251e-01  6.99235022e-01  6.99235022e-01
 -3.43371719e-01 -4.27199434e-03 -9.42141842e-03 -4.94519949e-01
 -4.18844193e-01 -2.16135994e-01 -1.96128134e-02  3.28165919e-01
  1.21786045e-02  1.05624072e-01 -4.77916092e-01 -7.27587521e-01
 -2.25043744e-01  5.20240545e-01 -1.72183245e-01 -7.83025324e-01
 -8.25365126e-01  1.59842029e-01  8.09957758e-02 -1.31301790e-01
 -5.74190497e-01 -3.57947052e-01 -3.04545779e-02 -1.07135928e+00
 -1.39659977e+00  2.16748878e-01  8.61252725e-01 -4.70999330e-01
 -5.71000993e-01  9.13290501e-01 -2.47197479e-01 -1.98557645e-01
  8.75459686e-02  7.29860216e-02  1.42598242e-01  5.12386858e-01
  8.43317032e-01 -1.17424560e+00  6.95376456e-01 -8.93913031e-01
  5.94192922e-01  5.00100553e-01 -4.39147890e-01 -3.01098913e-01
 -8.12573060e-02  2.06393003e-01  3.60254198e-01  1.66058123e-01
  6.15878440e-02  1.89290524e-01  1.85286120e-01  3.82193357e-01
  2.10153520e-01  1.45410746e-01  2.89172232e-01 -8.40639323e-02
  4.75852750e-02  9.27496627e-02  2.52904028e-01  6.62656426e-01
  4.73307520e-01  1.97484910e-01 -9.06454444e-01 -3.69240850e-01
  9.83019639e-03 -2.94022977e-01  6.43951476e-01 -1.11106336e+00
 -1.47343338e-01  3.95948946e-01  7.46270478e-01  4.71491367e-01
  4.75022107e-01  4.35875207e-01  7.16196239e-01  5.10818541e-01
  6.37922168e-01  3.16502213e-01  5.49140990e-01  4.07326072e-01
  4.06725407e-01  5.15948474e-01  6.25942528e-01  6.74575984e-01
 -6.76509812e-02 -6.28165960e-01 -2.84729153e-01 -1.15399016e-02
  5.61541785e-03  1.49212137e-01  1.12657525e-01  1.72195788e-02
  4.33635451e-02 -4.96747226e-01 -5.19844770e-01 -2.10670441e-01
  2.99538821e-01  1.20476238e-01  2.61139330e-02  3.69003356e-01
  3.14700603e-01  2.67761886e-01  2.32021332e-01 -1.85392141e-01
 -3.37227315e-01 -3.03555161e-01 -5.18072665e-01 -4.88129556e-01
  2.01535732e-01 -5.78486383e-01 -5.04931450e-01 -7.43245900e-01
 -1.73340440e-01  6.91243485e-02 -5.72578132e-01  3.65886301e-01
  3.80310029e-01  2.27873355e-01  3.42959493e-01  2.46912181e-01
  3.42392027e-01  3.85534197e-01  5.41022979e-02 -4.15424794e-01
 -3.36815745e-01 -1.52449399e-01 -6.92273796e-01 -5.90871096e-01
 -8.16830039e-01 -5.64599335e-01 -7.93987572e-01 -6.84775293e-01
 -4.36873704e-01 -2.73316830e-01 -3.89986187e-01 -1.74571559e-01
  3.65358032e-02  4.83180493e-01  5.38129032e-01  4.94323283e-01
  3.65187794e-01 -1.71864733e-01 -3.47207129e-01 -8.44170034e-01
 -2.47093573e-01 -9.17282626e-02 -8.76964390e-01 -5.26338041e-01
 -9.74423110e-01 -5.29511333e-01 -9.34183300e-01 -9.37278047e-02
 -9.66217577e-01 -1.03698194e+00 -1.20636630e+00 -3.91734272e-01
 -5.90502918e-01 -6.99348629e-01 -2.40765676e-01 -7.88241904e-03
 -1.94941133e-01 -3.09233610e-02 -5.33705890e-01 -6.13513350e-01
 -4.20896113e-01 -6.95355594e-01 -3.64053130e-01 -3.92668158e-01
 -6.47448063e-01 -9.45304036e-01 -1.00226760e+00 -7.28175581e-01
  1.07103407e+00  7.03361213e-01  2.38958940e-01  2.90322781e-01
  8.46851338e-03  3.52018047e-03 -6.70514762e-01  1.40441850e-01
 -5.09312674e-02 -1.02933599e-02 -4.38935719e-02  1.29271090e-01
 -8.44070762e-02 -1.72755337e+00  2.07798541e-01 -3.06472212e-01
  4.02976215e-01  2.28816867e-01  2.33630389e-01  3.90993208e-01
  2.31447935e-01  1.29018533e+00  6.22838616e-01 -1.74834788e-01
 -9.54215467e-01  4.02384132e-01 -3.36033076e-01 -3.15660030e-01
  1.89779341e-01 -3.24537884e-03  6.35420740e-01  5.96392490e-02
 -8.83154750e-01 -1.79347862e-02  1.65323049e-01 -1.07396387e-01
 -4.20833938e-02  4.21749979e-01 -5.33684433e-01 -1.43019900e-01
  6.02876656e-02 -1.17876969e-01  5.01780771e-02  7.02250078e-02
  1.51626691e-01  1.38580995e-02 -1.83414698e-01 -4.09381896e-01
 -6.25688076e-01 -2.63086855e-01  6.86825693e-01  3.82239036e-02
  2.67553478e-01  2.37058014e-01  1.53943032e-01 -2.70090163e-01
 -4.76771206e-01 -5.68688869e-01 -6.69544101e-01  6.04342520e-01
  4.77215141e-01  6.29408062e-01 -3.26074690e-01  1.22965433e-01
 -3.16022903e-01  1.52446485e+00 -1.49577454e-01  1.99988127e-01
  1.75845432e+00  6.72569871e-01  1.06738031e+00  1.40657052e-01
  1.68446875e+00  4.17969197e-01 -7.12075174e-01  1.69377595e-01
  1.49122500e+00  4.44651216e-01 -8.39376748e-01  6.31756663e-01
  9.02071357e-01  8.04198086e-01  7.51159430e-01  8.01569283e-01
  5.63753009e-01  9.32608306e-01  8.22758555e-01  8.10749590e-01
  7.69526720e-01  5.46513140e-01  4.82655048e-01  1.34498775e-01
  8.32829997e-02 -1.78112000e-01  7.70536602e-01 -3.15137841e-02
 -1.32352367e-01  1.34214507e-02  1.09538603e+00 -5.80001712e-01
 -6.12057030e-01 -1.13735341e-01  1.00054991e+00  8.64860296e-01
 -3.86673987e-01  3.19362402e-01 -2.96792060e-01  4.34002966e-01
 -8.00345838e-01 -2.57288162e-02  3.60717744e-01 -5.32897592e-01
 -5.58283210e-01 -5.83794527e-02 -4.85855728e-01  2.21734052e-04
  1.52444214e-01 -2.40000710e-01  3.07298303e-01  1.64120674e+00
 -5.69870286e-02 -5.84798872e-01  9.02325213e-01 -1.31067723e-01
 -5.69852948e-01 -6.25614747e-02 -7.71405026e-02 -2.41924137e-01
  7.56411731e-01 -1.23765039e+00  5.06995618e-01  7.43273646e-02
 -1.86328128e-01  1.57707423e-01 -3.23942713e-02 -1.16512410e-01
 -1.84213161e-01 -4.04364794e-01 -9.35417891e-01 -9.50099468e-01
 -8.03756058e-01  8.55394006e-01  1.94499791e-01 -2.92858988e-01
 -8.45607936e-01  1.67372465e-01 -1.29004836e+00 -8.17116141e-01
  9.39648896e-02 -6.79626644e-01  2.19669621e-02 -1.10434629e-01
 -2.22849220e-01 -6.46266192e-02 -7.12709427e-02 -9.60111097e-02
 -1.44099474e-01 -2.31725097e-01  8.01823661e-02  2.40893736e-01
 -3.03506702e-01  4.22599554e-01  4.03706819e-01  4.87269491e-01
 -2.31222570e-01  4.39223982e-02  4.28148896e-01  1.22163750e-01
 -1.19004138e-01  2.51433581e-01  3.37624758e-01  4.22925740e-01
  4.07277972e-01  4.09621447e-01 -1.15205026e+00 -6.26782119e-01
 -8.20267618e-01 -8.37879002e-01 -6.26388431e-01 -1.79857522e-01
 -9.90133584e-01 -5.86092412e-01 -6.26187801e-01 -6.30408704e-01
 -5.08110344e-01 -3.16697598e-01 -1.22669563e-01  5.95274083e-02
  1.91392207e+00  4.32711720e-01  2.41685987e-01  6.93572581e-01
  4.72633928e-01 -3.34615201e-01  3.43363941e-01 -6.52757525e-01
 -3.45110506e-01 -6.48077965e-01 -7.96715975e-01 -8.63275468e-01
 -6.45489097e-01  8.99115026e-01 -1.68455631e-01  4.98885848e-02
 -1.21514106e+00 -1.63949221e-01 -2.74704814e-01  2.16929221e+00
  2.15102839e+00  1.81283772e-01  3.40925723e-01 -6.51267290e-01
 -8.62979591e-01 -6.73565626e-01  7.88424551e-01  4.17569160e-01
 -9.27477777e-01 -1.45768404e-01  1.64718628e-01  5.54620445e-01
  8.99279296e-01  2.79718161e-01 -3.36045593e-01 -4.01958078e-01
 -3.38460088e-01 -2.76770443e-01 -1.08478630e+00 -1.21380913e+00
 -4.36598033e-01 -7.03938723e-01 -1.11705732e+00 -7.70323455e-01
 -1.13122606e+00 -4.00622398e-01 -4.00622040e-01 -6.07209265e-01
 -3.67381543e-01 -3.49718630e-01 -5.90353310e-01 -5.91579497e-01
 -5.62907279e-01 -5.40197790e-01 -5.50510883e-01 -5.59606731e-01
 -5.94756007e-01 -7.47278929e-01 -6.12583458e-01 -2.41275370e-01
  5.97015060e-02  6.50967732e-02  1.90492302e-01  6.12678267e-02
 -1.25123978e-01  9.23863828e-01 -2.22266153e-01 -1.44227013e-01
  4.09547538e-01 -2.88688302e-01 -8.76617670e-01  2.45010421e-01
  1.26436040e-01  2.99386363e-02  1.66674209e+00  1.54218125e+00
  1.72353601e+00  1.67406750e+00  1.54218125e+00  1.03673780e+00
  9.73907173e-01  9.11804914e-01  8.41124952e-01  1.73833930e+00
  1.54386592e+00 -2.45256424e-01  1.53169215e-01 -2.32445732e-01
  6.23156615e-02 -5.60148060e-01  3.63864213e-01 -5.47306955e-01
 -3.02219212e-01 -7.72631049e-01  1.98150128e-01 -5.87154210e-01
  9.88954544e-01 -9.30026248e-02 -1.72671676e-01 -4.22636032e-01
 -3.08826208e-01  1.79890776e+00  6.76460087e-01  6.13382161e-01
  6.86040938e-01  1.70985949e+00  5.46206355e-01  4.75344867e-01
 -9.43435058e-02  4.74366695e-01  5.61433017e-01  2.34751254e-01
  8.32717657e-01  3.90175730e-01  5.21643221e-01 -8.41143429e-01
  2.95633525e-01  3.71665210e-01 -2.35212862e-01  7.44839847e-01
  4.41590458e-01  9.01653841e-02 -1.51555359e-01 -1.84827462e-01
 -1.68512940e-01 -2.28621304e-01  4.91608866e-02 -3.86154324e-01
  1.50243163e-01 -4.46949959e-01 -4.29742597e-02  5.32031298e-01
  5.45347333e-01  4.93538141e-01  4.55851942e-01  3.57746452e-01
 -3.52258354e-01  4.46279973e-01  3.48258853e-01 -6.65636480e-01
 -7.36602962e-01 -5.14956415e-01 -5.31580746e-01  1.35412887e-01
 -8.26035738e-01 -1.29399168e+00  4.95554537e-01 -2.68154085e-01
  1.86317772e-01 -3.18507522e-01 -4.34977084e-01 -1.10448313e+00
  3.67437929e-01  7.16455877e-01 -2.97159135e-01 -1.04500139e+00
  2.11313233e-01  4.03375179e-01 -6.60476506e-01  4.16712500e-02
  2.04664469e-01  4.33854938e-01 -3.76558632e-01 -1.39505732e+00
 -3.51218909e-01 -6.48434997e-01 -1.25846183e+00 -1.72048539e-01
 -1.43721163e-01  8.42014253e-01  8.77719343e-01  8.36102426e-01
  8.48297536e-01  3.01407248e-01  6.11612916e-01 -3.11261624e-01
 -2.79415190e-01  4.53822762e-01  8.40318382e-01  1.70789942e-01
  1.21376432e-01 -1.34031802e-01 -7.85041630e-01  3.88239920e-01
 -5.09646069e-03 -9.79375660e-01 -8.83433878e-01 -7.03718841e-01
 -8.80821526e-01 -6.44085705e-01 -6.67751789e-01 -2.34377384e-01
 -5.46484105e-02  1.53195739e-01 -3.10626417e-01 -7.92647898e-02
 -4.24424261e-01 -4.37525749e-01 -5.57318211e-01 -5.15186489e-01
 -4.04856324e-01 -5.95186114e-01 -4.35152173e-01 -5.43522060e-01
  1.47279039e-01  3.98986429e-01  4.97282892e-01  2.69938916e-01
  3.41542721e-01  4.59229439e-01  6.28647387e-01 -3.09022814e-01
  5.57142913e-01 -8.11598539e-01 -8.98853004e-01 -4.31610018e-01
 -5.32429636e-01 -3.49627465e-01 -9.79209468e-02 -1.01889634e+00
 -6.70990288e-01 -4.07528877e-01 -4.37945276e-01 -5.73234618e-01
 -1.87210664e-01  6.28572181e-02 -2.38310829e-01 -1.97395105e-02
  1.49641588e-01 -7.93188345e-03  3.52211654e-01  5.85486948e-01
 -2.19710827e-01 -8.60816956e-01 -1.35942623e-01 -2.93332905e-01
 -1.59312159e-01  7.62450993e-02  4.83398348e-01  4.12060916e-01
  2.19266906e-01 -1.43340096e-01  1.45370334e-01 -3.13449115e-01
  9.36250389e-01  6.13554776e-01 -2.65762154e-02 -9.29126740e-01
  8.93884599e-01  5.52447140e-01  5.57896674e-01 -3.34536582e-01
 -1.18792820e+00 -1.45408198e-01 -1.08593440e+00  3.22466940e-01
  4.52018738e-01  5.71480811e-01  3.47129792e-01  3.97304416e-01
  4.19663697e-01  2.58524328e-01 -5.61855376e-01 -6.44206047e-01
  1.15556931e+00  1.54139304e+00  1.80779743e+00 -4.26692218e-01
 -1.67961363e-02  1.92082211e-01  2.30761498e-01  1.33261099e-01
  3.61259907e-01 -6.29968464e-01 -5.60409129e-01 -7.15519369e-01
  3.06221753e-01  2.96215862e-01  4.25533175e-01 -5.08054137e-01
 -3.66791576e-01 -4.13755141e-02  1.25066549e-01 -4.72043216e-01
 -7.17435718e-01 -2.98089325e-01  3.86016935e-01  1.55133343e+00
  4.22669388e-02  2.96263039e-01 -6.43870160e-02  9.74877656e-01
  7.99363792e-01 -1.73406020e-01 -3.41264814e-01  4.63922955e-02
  2.57493943e-01  1.38485536e-01  4.08957630e-01  7.73498535e-01
  5.18967927e-01 -6.41387627e-02 -2.15199590e-01 -1.62174597e-01
 -2.91539371e-01 -3.60113591e-01 -7.35131383e-01 -5.06745517e-01
 -5.16290009e-01  2.67425388e-01  2.78715640e-01  3.01877856e-01
 -3.54345560e-01  5.90905190e-01 -8.92080009e-01  2.17451274e-01
  3.73643428e-01  4.87859130e-01 -3.18381935e-01 -5.79299212e-01
  8.36915076e-01  3.23698133e-01 -9.41241205e-01 -6.48625672e-01
 -1.05720663e+00  2.04644442e+00 -1.12877381e+00  6.05830908e-01
 -7.14952588e-01 -3.47449690e-01 -4.55424517e-01 -2.41647959e-01
 -2.79617757e-01 -3.57482225e-01 -4.40339953e-01 -2.88171977e-01
 -2.86197931e-01 -7.69418418e-01  8.04329664e-02 -4.18743026e-03
  5.19179285e-01 -3.60595733e-01 -4.54751402e-01 -3.00662756e-01
 -8.02909434e-01 -7.36722291e-01 -7.45153844e-01 -3.50361705e-01
 -4.77464229e-01 -2.68481165e-01  9.60583165e-02  1.47625953e-01
  6.61732614e-01  5.21438062e-01  5.94303429e-01  9.23730612e-01
  9.28263605e-01  7.54649699e-01  3.06099415e-01 -6.08553827e-01
 -6.83801830e-01 -7.53506005e-01  2.30578989e-01  2.45250940e-01
  1.11753607e+00 -1.62779963e+00  1.25184095e+00 -4.61307317e-01
  1.17883730e+00 -5.95229566e-01 -5.81222415e-01 -6.07141137e-01
 -5.29355824e-01 -5.25914609e-01 -5.02966583e-01 -5.26161432e-01
 -5.29355824e-01 -6.70476496e-01 -1.68794900e-01 -5.11789858e-01
  3.13693732e-01  1.44854456e-01 -1.06084669e+00 -1.06408548e+00
 -1.04409552e+00  7.50930130e-01  8.36113989e-01 -1.27920306e+00
  5.10035276e-01  3.84129226e-01  3.64160091e-01  5.02311885e-01
 -5.35369515e-01 -7.95329034e-01 -5.65965235e-01  1.27913201e+00
  1.11335754e+00  3.65102321e-01 -9.18673456e-01  8.71282101e-01
  9.04927701e-02  9.30276513e-02 -3.65958184e-01 -4.06043440e-01
 -1.31478536e+00 -1.31478536e+00  1.01652074e+00  1.03295898e+00
  9.74111259e-01  4.91255045e-01  3.50423008e-01 -1.62336063e+00
 -1.52833545e+00  8.52457702e-01  5.55516660e-01  3.81053656e-01
  3.99063267e-02 -3.50225836e-01 -5.15672028e-01  3.81223768e-01
  8.32610548e-01  5.44797778e-01  5.61810791e-01  6.09172940e-01
  7.35285044e-01  6.76440060e-01 -5.57293929e-02 -7.51626492e-01
  3.51200938e-01 -3.82687896e-01  3.48290838e-02  6.53975666e-01
  6.44893229e-01  5.73573470e-01  5.08418441e-01  1.58540988e+00
  4.68725860e-01  8.47000852e-02  1.46051229e-03 -1.86809167e-01
 -1.31149754e-01 -3.22238170e-02 -1.54192030e-01  1.63940370e-01
 -3.23418856e-01 -2.10135549e-01  2.36996502e-01 -1.20427139e-01
 -1.46038115e-01  9.81360748e-02  1.09126382e-01 -1.19182043e-01
  6.47316813e-01 -1.10514164e+00  6.39059115e-03  1.93225503e+00
 -4.19191867e-01  4.00276273e-01 -1.30088472e+00 -1.10110855e+00
 -1.23194504e+00 -3.44954312e-01 -3.48389834e-01  3.30824673e-01
  5.21282732e-01 -4.07382339e-01 -4.13174242e-01  5.78571200e-01
  6.75622225e-01  4.49055433e-01 -1.58810228e-01 -2.42673844e-01
 -1.29238203e-01 -1.34911418e-01  9.57111537e-01  1.70325804e+00
 -3.48057956e-01  2.28266373e-01  1.69884950e-01 -3.42560709e-01
 -3.80922765e-01 -3.43832105e-01 -4.83262986e-01 -3.17993790e-01
 -6.37405753e-01 -4.42823380e-01 -3.84047896e-01  6.22824013e-01
  6.37508214e-01  9.43799689e-02  1.97480675e-02 -2.73981720e-01
 -4.53009605e-01 -2.35789597e-01 -2.43705198e-01 -4.14401591e-01
 -3.76718253e-01 -2.93649793e-01 -3.59633416e-01 -1.40301272e-01
  4.19176310e-01  3.51473063e-01  2.56316602e-01 -6.85228884e-01
 -3.57902616e-01  9.08443391e-01  8.97573590e-01 -6.17726684e-01
 -9.68538225e-01  5.47329783e-01  8.24567258e-01  8.47615182e-01
  7.11747527e-01  4.08142656e-01  8.65153298e-02  3.82615536e-01
  2.70534366e-01 -8.90107930e-01 -3.20093542e-01  5.86669266e-01
 -7.02535450e-01 -5.08153260e-01 -1.49821371e-01 -5.65957986e-02
 -3.14011842e-01 -6.96341917e-02 -3.72203290e-01 -2.44661897e-01
 -5.20555496e-01  1.13113034e+00  9.59115088e-01  6.74325228e-01
  4.64028597e-01  6.13760471e-01  2.02282488e-01  1.38437763e-01
  1.40496552e-01  8.58776346e-02 -1.13354279e-02  5.46725877e-02
  1.60937216e-02  5.66013157e-01  5.78889906e-01  2.29399592e-01
  3.31745327e-01]","[ 1.31616664e+00  1.27552319e+00  1.58034909e+00  1.93597901e+00
  2.39829803e+00  1.91057682e+00  3.25483114e-01  1.51938355e+00
  1.43809676e+00 -8.37934971e-01  3.66126508e-01 -5.12787640e-01
 -1.53395379e+00 -5.78833282e-01 -1.42218447e+00 -1.92514682e+00
 -1.15292180e+00 -1.42726481e+00 -8.60318020e-02 -6.95683122e-01
  7.52238929e-01 -3.60374928e-01 -3.01470216e-02 -6.57098666e-02
 -1.39678216e+00  1.26536214e+00  9.04651642e-01 -1.06147385e+00
 -1.24944985e+00  6.09987080e-01  1.34156883e+00  8.58928204e-01
 -2.11820292e+00 -1.49331033e+00 -1.47298872e+00 -4.53881696e-02
 -5.22948503e-01  3.08180638e-02  6.91273868e-01 -1.19356513e+00
 -1.07671523e+00  1.08246684e+00 -8.32854688e-01 -8.32854688e-01
  1.23996031e+00 -2.84168452e-01 -2.02881426e-01 -1.99627280e+00
 -1.30533457e+00 -4.82305080e-01 -3.14650983e-01 -1.46790826e+00
 -1.18848455e+00 -4.03078683e-02 -7.00763404e-01 -3.60374928e-01
 -4.51822549e-01  5.33780634e-01 -3.40053231e-01  5.54102302e-01
  3.00080895e-01 -1.43234527e+00  3.71206820e-01 -2.08264017e+00
  1.05198407e+00  1.03166234e+00 -1.82559729e-01 -5.53431034e-01
 -3.70535761e-01  7.82721519e-01  9.04651642e-01  1.27552319e+00
  6.96354389e-01 -6.75361454e-01 -5.58511555e-01 -3.14650983e-01
 -9.03980613e-01 -1.05131304e+00 -7.00763404e-01  8.53847682e-01
  7.87802041e-01  1.14343190e+00 -4.16259468e-01  7.82721519e-01
  5.64263165e-01  1.10786915e+00 -2.84168452e-01  5.08378386e-01
  1.97662234e+00  6.91273868e-01  2.17983937e+00 -1.78797519e+00
  2.34035254e-01  7.06515253e-01  1.67989627e-01  5.13458908e-01
  1.16375363e+00  1.98472410e-01 -4.03078683e-02  1.17185384e-01
 -1.36836037e-01 -4.82305080e-01  1.37713170e+00  6.65871620e-01
  5.99826217e-01  6.45549953e-01  5.99826217e-01  6.65871620e-01
  5.33780634e-01 -4.77224797e-01 -4.51822549e-01  1.47667930e-01
  1.83231011e-01  3.25483114e-01  5.62203042e-02  9.68636945e-02
  4.09789123e-02 -3.24811846e-01 -7.76969910e-01 -1.26675189e-01
  1.08754742e+00  1.27346233e-01  9.65617239e-01  8.03043187e-01
  4.22011048e-01  1.55769140e-02  5.38860917e-01 -1.49056287e-02
 -6.57098666e-02 -9.82532557e-03 -1.20880628e+00 -1.39678216e+00
  5.38860917e-01 -8.88739467e-01 -9.59865391e-01 -7.92211294e-01
  1.37507081e-01 -8.32854688e-01  1.01944238e-01 -7.71889627e-01
 -6.70280874e-01 -6.09315813e-01 -5.17868161e-01 -5.43270171e-01
 -7.10924268e-01 -4.56902862e-01  3.66126508e-01 -2.28283659e-01
 -3.09570432e-01  5.38860917e-01 -1.10211754e+00 -1.29009330e+00
 -9.44624007e-01 -1.03607190e+00 -1.29517376e+00 -7.71889627e-01
 -1.97801128e-01 -6.29637480e-01 -7.58707151e-02 -1.19356513e+00
 -1.17324340e+00 -3.40053231e-01  5.79504550e-01  1.52748480e-01
 -2.84168452e-01 -1.42218447e+00  1.01134074e+00 -1.02591097e+00
 -8.32854688e-01 -1.41202343e+00 -1.78797519e+00 -1.68128633e+00
 -1.86418164e+00 -1.84386003e+00 -1.53395379e+00 -1.38154089e+00
 -1.23420858e+00 -1.64572322e+00 -1.51363206e+00 -1.12243915e+00
 -3.40053231e-01 -8.63337219e-01 -7.56648242e-01 -6.19476676e-01
 -3.75616074e-01 -8.48096073e-01 -2.28283659e-01 -6.95683122e-01
 -9.34463143e-01 -9.80187118e-01 -9.70026255e-01 -2.48605356e-01
 -2.15376616e+00 -1.34089756e+00 -1.49839079e+00 -1.61524069e+00
  1.04690397e+00  2.07315040e+00  1.08246684e+00  7.14616925e-02
  1.36697102e+00  1.27552319e+00  1.16375363e+00  1.11294961e+00
  1.67179644e+00  6.55710757e-01  3.00080895e-01  1.67179644e+00
 -9.75106776e-01 -1.17324340e+00  5.11399992e-02 -2.63846755e-01
  6.04906559e-01 -4.16259468e-01  3.96609068e-01  7.87802041e-01
  6.15067422e-01  1.30092549e+00  4.57574129e-01  4.93137211e-01
  6.35389090e-01  4.11850214e-01 -1.80829704e+00 -1.11735868e+00
  8.84329975e-01  9.50375617e-01  8.28445435e-01  5.38860917e-01
 -4.92465943e-01  7.14616925e-02  1.52748480e-01 -2.28283659e-01
  4.09789123e-02  5.03298044e-01 -5.88994086e-01 -4.82305080e-01
 -6.09315813e-01 -9.80187118e-01 -9.49704528e-01 -6.60120070e-01
 -4.77224797e-01 -9.29382861e-01  3.86448205e-01 -1.36836037e-01
 -3.40053231e-01 -4.03078683e-02  6.25228226e-01  5.69343686e-01
  2.57377606e-02 -2.50664763e-02  6.96354389e-01 -2.02881426e-01
 -1.32565629e+00 -6.34718060e-01 -1.10211754e+00  4.88056690e-01
  1.16375363e+00  1.05706465e+00  3.55965674e-01  7.31917262e-01
 -9.14141476e-01  2.25604606e+00 -2.28283659e-01  2.84839481e-01
  2.12903523e+00  8.33525956e-01  1.11294961e+00  3.61045957e-01
  1.41777503e+00 -1.10211754e+00 -1.02083051e+00  3.30563426e-01
  3.86448205e-01  1.90041566e+00 -1.17832375e+00  2.57377606e-02
 -1.99861731e-02  1.57828778e-01  3.55965674e-01  4.82976377e-01
  2.08633259e-01 -2.28283659e-01  8.16225410e-02 -3.01470216e-02
  4.09789123e-02 -2.07961977e-01  3.50885123e-01 -4.36581165e-01
 -1.13260007e+00 -9.59865391e-01  1.07230628e+00  5.49021780e-01
  6.09987080e-01  9.17833894e-02  1.18407536e+00  1.02150178e+00
  1.21455812e+00  8.84329975e-01  1.03166234e+00  1.31108606e+00
  2.34035254e-01  3.15322280e-01 -1.21388686e+00 -1.01272956e-01
 -5.94074667e-01  1.55769140e-02  1.57828778e-01 -9.11121070e-02
  1.78150713e-01 -1.11735868e+00 -1.22404766e+00  4.11850214e-01
  3.91528517e-01 -4.01018322e-01  3.15322280e-01  2.24080443e+00
  9.14812744e-01 -5.43270171e-01  1.29584491e+00  7.31917262e-01
 -1.31755501e-01  1.27346233e-01  6.45549953e-01  5.41606639e-03
  1.13327134e+00 -1.48822999e+00  4.22011048e-01 -2.50664763e-02
 -5.73752701e-01 -9.11121070e-02 -2.38444507e-01  3.45804811e-01
  1.93391860e-01 -1.59999943e+00 -7.87130773e-01 -7.16004848e-01
 -1.23420858e+00  6.45549953e-01 -9.70026255e-01  2.79759198e-01
 -1.40186262e+00  3.58986072e-02 -7.41407037e-01 -2.15376616e+00
  1.42587632e-01 -7.71889627e-01  9.68636945e-02  2.39115804e-01
 -2.74007589e-01 -6.06295615e-02  1.67989627e-01  2.03552708e-01
  1.88311562e-01  2.84839481e-01  4.93137211e-01  3.30563426e-01
 -3.34972680e-01  3.45804811e-01  6.65871620e-01  4.06769902e-01
  1.57828778e-01  9.04651642e-01  5.64263165e-01 -1.02591097e+00
  9.09732223e-01  1.12311029e+00  8.08123708e-01 -6.09315813e-01
  3.30563426e-01 -3.24811846e-01 -1.65588403e+00 -2.16900754e+00
 -1.06655443e+00 -6.95683122e-01 -5.73752701e-01 -1.05131304e+00
 -8.07452440e-01 -7.31246233e-01 -6.19476676e-01 -6.39798343e-01
  3.25483114e-01  1.37507081e-01  1.32426783e-01 -1.52077183e-01
  2.10363317e+00  6.45549953e-01  8.53847682e-01  9.30053890e-01
  1.12105086e-01 -8.93819749e-01  1.32426783e-01 -3.65455240e-01
 -5.99154949e-01 -2.89248765e-01 -8.78578603e-01 -2.99409598e-01
 -4.36581165e-01  3.25483114e-01 -4.77224797e-01  3.96609068e-01
 -1.27485192e+00  4.62654680e-01  2.59437501e-01  2.68788218e+00
  2.29160881e+00  1.30092549e+00  1.20947754e+00 -6.65200591e-01
 -2.99409598e-01 -1.38662136e+00  1.58034909e+00  1.67179644e+00
 -3.80696625e-01  4.52493846e-01  7.16676116e-01  1.35680997e+00
  6.55710757e-01  2.59643483e+00  1.07230628e+00 -9.82532557e-03
  2.18794107e-01  6.04906559e-01 -3.01470216e-02 -1.16308260e+00
  5.74424028e-01  1.22265935e-01 -1.05639362e+00 -8.27774167e-01
 -1.20880628e+00 -9.80187118e-01 -6.75361454e-01 -8.07452440e-01
 -2.84168452e-01  1.01944238e-01 -1.04623270e+00 -1.26977146e+00
 -9.85267639e-01 -9.85267639e-01 -1.36629963e+00 -1.17832375e+00
 -1.09703696e+00 -1.66604495e+00  1.04690397e+00 -6.90602601e-01
  4.82976377e-01  2.23874405e-01  9.68636945e-02  2.59437501e-01
 -3.52273248e-02  1.18407536e+00 -1.18848455e+00 -6.44878864e-01
  1.27346233e-01 -4.72144246e-01  9.19893324e-01 -4.51822549e-01
 -4.56902862e-01 -7.61728764e-01  2.11887431e+00  2.27636766e+00
  1.78864658e+00  1.76324439e+00  1.74292266e+00  2.19000053e+00
  8.69088829e-01  2.08331132e+00  8.69088829e-01  8.79249930e-01
  1.17391467e+00  5.43941438e-01  3.55965674e-01 -2.63846755e-01
 -1.17324340e+00 -1.43234527e+00 -7.56648242e-01 -1.62238032e-01
 -1.09703696e+00 -4.82305080e-01  6.35389090e-01 -1.31549537e+00
  1.82420945e+00  4.82976377e-01  3.91528517e-01  7.14616925e-02
 -3.34972680e-01  1.56002688e+00  2.13713557e-01  2.44196102e-01
  2.59437501e-01  2.79965186e+00  1.47667930e-01  8.16225410e-02
 -9.44624007e-01 -1.62238032e-01  1.04963686e-02  5.13458908e-01
 -3.24811846e-01  5.41606639e-03 -8.60318020e-02 -9.61926505e-02
  7.06515253e-01 -2.43525058e-01 -4.82305080e-01  2.39115804e-01
  1.12105086e-01  7.77641177e-01 -3.09570432e-01  5.18539250e-01
 -5.38189888e-01 -2.33364210e-01  2.57377606e-02  3.71206820e-01
 -9.14141476e-01  8.08123708e-01 -2.28283659e-01 -1.49056287e-02
  1.07024543e-01  2.15443707e+00  2.06298971e+00 -1.34089756e+00
 -8.63337219e-01  8.38606536e-01  4.57574129e-01 -6.90602601e-01
 -1.05639362e+00 -1.50855160e+00 -3.50214064e-01 -8.88739467e-01
 -9.85267639e-01 -9.09061193e-01 -7.58707151e-02 -3.75616074e-01
  7.65419975e-02 -2.07961977e-01 -4.74478118e-03 -3.60374928e-01
 -6.49959207e-01  1.78150713e-01  4.47413296e-01  1.73070163e-01
  5.11399992e-02  9.17833894e-02 -8.68417799e-01  3.76287371e-01
  3.58986072e-02  1.05198407e+00 -8.32854688e-01 -1.69652760e+00
  5.59182882e-01 -2.00135326e+00 -1.91498590e+00 -2.68927068e-01
 -1.46996886e-01  7.52238929e-01  3.71206820e-01  9.19893324e-01
  2.23874405e-01  1.57828778e-01  1.70735979e+00  1.01944238e-01
  8.58928204e-01 -2.99409598e-01  4.09789123e-02 -1.34089756e+00
 -9.90347922e-01 -1.07163477e+00 -1.77273393e+00  5.08378386e-01
 -2.33364210e-01 -1.84894037e+00 -1.66096449e+00 -1.05639362e+00
 -1.32565629e+00 -8.88739467e-01 -7.10924268e-01 -6.29637480e-01
  3.86448205e-01  7.16676116e-01  1.83231011e-01  1.54986632e+00
  1.01134074e+00  9.30053890e-01  6.86193585e-01  7.01434731e-01
  4.88056690e-01  1.07024543e-01  9.80858386e-01  1.00118005e+00
  4.22011048e-01 -1.87640280e-01  6.15067422e-01 -4.74478118e-03
  6.55710757e-01  1.88311562e-01 -1.31755501e-01 -1.25961065e+00
  1.04963686e-02 -1.26469111e+00 -4.82305080e-01 -1.77479431e-01
 -9.82532557e-03  6.63811490e-02 -4.56902862e-01 -1.38154089e+00
 -7.92211294e-01 -5.17868161e-01 -5.17868161e-01  1.52748480e-01
 -2.15884638e+00 -1.29009330e+00 -1.37646055e+00 -1.43742573e+00
 -9.61926505e-02 -1.35613883e+00 -7.36326516e-01  1.11802971e+00
 -1.09195638e+00 -9.44624007e-01 -4.92465943e-01 -7.21085370e-01
 -3.75616074e-01  1.51938355e+00  1.01134074e+00  5.99826217e-01
 -1.31755501e-01  5.79504550e-01 -4.74478118e-03 -2.48605356e-01
  8.58928204e-01  5.33780634e-01  8.33525956e-01 -5.94074667e-01
  3.50885123e-01  8.13204288e-01  9.40214992e-01 -4.11179155e-01
 -5.53431034e-01 -4.01018322e-01 -8.07452440e-01  1.46857953e+00
  1.42793620e+00  1.46857953e+00  1.49398184e+00  1.10786915e+00
  8.64008248e-01  2.24080443e+00  4.67734993e-01 -1.01066959e+00
  7.77641177e-01  5.99826217e-01  3.05161417e-01  3.00080895e-01
 -3.60374928e-01 -7.05843985e-01 -5.02626777e-01 -9.61926505e-02
 -1.03099132e+00 -1.49839079e+00 -8.60318020e-02 -1.08687615e+00
  3.05161417e-01  5.54102302e-01  1.08754742e+00  6.45549953e-01
  3.86448205e-01  4.67734993e-01 -1.87640280e-01 -7.46487379e-01
 -1.20880628e+00 -9.82532557e-03  1.55769140e-02  3.00080895e-01
  3.45804811e-01  5.79504550e-01  3.86448205e-01  1.46857953e+00
  1.30600548e+00 -1.26469111e+00 -1.20372593e+00 -9.54784870e-01
 -4.26420301e-01 -6.55039728e-01 -2.99409598e-01  9.68636945e-02
 -1.18848455e+00 -7.71889627e-01 -8.60318020e-02  1.98472410e-01
  3.05161417e-01  4.57574129e-01  3.35521385e-04  1.67989627e-01
  1.47667930e-01  7.06515253e-01 -3.34972680e-01  1.67989627e-01
 -1.58475816e+00 -1.87640280e-01 -4.74478118e-03  1.27346233e-01
  5.62203042e-02  5.11399992e-02 -8.78578603e-01 -6.09315813e-01
  7.87802041e-01  5.03298044e-01 -1.06655443e+00 -1.17324340e+00
 -1.36121929e+00  1.72260094e+00 -3.90857458e-01  5.41606639e-03
 -6.95683122e-01 -6.49959207e-01 -6.80441737e-01 -1.06147385e+00
 -9.70026255e-01 -5.99154949e-01 -3.14650983e-01 -7.87130773e-01
 -8.17613304e-01 -1.24944985e+00 -3.29892129e-01 -3.80696625e-01
 -3.60374928e-01  4.22011048e-01 -2.18122825e-01 -2.13042513e-01
 -8.68417799e-01 -6.60120070e-01 -7.71889627e-01 -7.26165652e-01
 -7.76969910e-01 -6.80441737e-01  8.28445435e-01  4.11850214e-01
 -6.90602601e-01  1.04963686e-02 -5.17868161e-01  9.60536718e-01
  4.77895826e-01  8.58928204e-01  5.38860917e-01 -2.58766204e-01
 -6.65200591e-01 -8.73498082e-01 -2.48605356e-01 -3.40053231e-01
  6.65871620e-01 -1.82353830e+00  7.31917262e-01 -6.34718060e-01
  4.47413296e-01  3.76287371e-01 -5.63591897e-01 -1.03099132e+00
  1.31616664e+00 -6.90602601e-01  4.32172149e-01  5.74424028e-01
 -1.57157734e-01 -5.07707357e-01 -3.09570432e-01 -1.54411471e+00
  9.50375617e-01  2.47958469e+00  3.00080895e-01 -1.31755501e-01
  3.00080895e-01 -5.28029025e-01 -6.80441737e-01 -9.19221997e-01
  1.66163588e+00  9.96099532e-01 -3.60374928e-01 -6.55039728e-01
  1.47667930e-01 -1.70668840e+00 -9.59865391e-01  3.96609068e-01
  2.08839202e+00  3.76287371e-01 -1.88450336e+00  2.08839202e+00
  1.98472410e-01  3.08180638e-02 -1.00050879e+00 -9.34463143e-01
 -9.64945734e-01 -6.39798343e-01  7.67480373e-01  9.04651642e-01
  6.35389090e-01  6.55710757e-01  4.88056690e-01 -4.82305080e-01
 -5.12787640e-01  1.91057682e+00  5.23619771e-01  3.61045957e-01
 -6.06295615e-02  4.60594557e-02 -1.03099132e+00  6.35389090e-01
  1.18407536e+00  9.55456138e-01  5.79504550e-01  1.39237285e+00
  1.27552319e+00  1.06722569e+00 -5.38189888e-01  1.67179644e+00
 -5.22948503e-01 -6.34718060e-01 -8.88739467e-01  1.97662234e+00
  2.02742648e+00  1.74800324e+00  1.46857953e+00  5.54102302e-01
 -4.36581165e-01  4.62654680e-01  3.10241729e-01 -9.49704528e-01
  3.50885123e-01 -8.12533021e-01 -7.21085370e-01 -8.68417799e-01
 -9.59865391e-01 -7.10924268e-01 -1.43234527e+00  3.86448205e-01
 -1.56951690e+00 -3.80696625e-01 -7.36326516e-01 -9.49704528e-01
  6.30308807e-01 -1.48314953e+00 -1.00050879e+00  1.11294961e+00
 -5.99154949e-01  4.88056690e-01 -2.84168452e-01 -4.53881696e-02
 -1.49331033e+00  3.35521385e-04 -9.95428503e-01  4.37252432e-01
  4.82976377e-01  4.09789123e-02 -3.55294377e-01  6.76032484e-01
  5.43941438e-01  9.65617239e-01 -9.19221997e-01 -6.55039728e-01
 -3.70535761e-01 -2.07961977e-01 -5.55490181e-02  8.84329975e-01
  2.57377606e-02  3.58986072e-02  6.91273868e-01 -8.88739467e-01
 -6.85522258e-01 -5.73752701e-01 -9.64945734e-01 -8.07452440e-01
 -5.38189888e-01 -1.20372593e+00 -8.98900330e-01  4.82976377e-01
  5.33780634e-01  3.20402563e-01 -1.73209047e+00 -7.36326516e-01
 -7.56648242e-01 -8.68417799e-01 -7.56648242e-01 -1.04623270e+00
 -4.92465943e-01 -5.12787640e-01 -5.63591897e-01 -6.80441737e-01
 -1.21594645e-01  9.19893324e-01 -2.48605356e-01 -2.17916822e+00
 -1.75241220e+00  1.47667930e-01  4.60594557e-02 -1.23420858e+00
 -2.05215764e+00 -4.53881696e-02  1.04963686e-02  1.93391860e-01
  7.82721519e-01 -6.65200591e-01 -6.65200591e-01  4.62654680e-01
  1.88311562e-01 -1.63556230e+00 -6.49959207e-01  1.13327134e+00
  1.21455812e+00 -8.48096073e-01 -5.83913565e-01 -8.48096073e-01
 -8.32854688e-01  3.81367654e-01 -5.48350751e-01 -1.99861731e-02
  6.63811490e-02  1.93089843e+00  1.82420945e+00  1.82420945e+00
  1.46857953e+00  1.97154188e+00 -8.63337219e-01 -1.46996886e-01
 -1.26675189e-01 -7.07904100e-02  6.65871620e-01 -1.72398880e-01
 -4.53881696e-02  2.19000053e+00  1.05706465e+00  1.39237285e+00
  6.25228226e-01]","[[ 1.6226348  -2.438927   -0.5301489  ... -0.9281977  -2.630218
   1.7189149 ]
 [ 1.4618763  -2.250227   -0.59350944 ... -0.91346675 -2.3493075
   2.2611327 ]
 [ 1.8394171  -3.6227012  -0.9196739  ...  3.8626556  -1.8897375
  -0.55386126]
 ...
 [-4.664351    1.8181652  -1.5571866  ...  5.6721306  -1.2949312
  -0.8685295 ]
 [ 1.2445036   1.3484021  -0.13632932 ...  0.01980948 -1.0761145
  -1.3321803 ]
 [ 2.4244406  -1.6469027  -1.3615397  ... -0.8510964  -1.5917313
   0.43292487]]",[],[]
9,"                    ┌───┐┌───┐┌───┐┌───┐                                                                      ┌───┐     ┌───┐┌───┐┌───┐┌───┐               ┌───┐     
q_0: ──■────■───────┤ X ├┤ H ├┤ H ├┤ T ├──────────────────────────────────────────────────────────────■────■──┤ H ├──■──┤ H ├┤ H ├┤ X ├┤ T ├───────────────┤ X ├──■──
     ┌─┴─┐  │       └─┬─┘└───┘└───┘└───┘┌───┐┌───┐┌───┐     ┌───┐┌───┐                                │  ┌─┴─┐├───┤  │  └───┘└───┘└─┬─┘├───┤          ┌───┐└─┬─┘  │  
q_1: ┤ X ├──┼─────────┼─────────────────┤ X ├┤ X ├┤ T ├──■──┤ H ├┤ T ├────────────────────────────────┼──┤ X ├┤ H ├──┼──────────────┼──┤ X ├──■───────┤ X ├──┼────┼──
     └───┘┌─┴─┐┌───┐  │                 └─┬─┘└─┬─┘└───┘  │  └───┘└───┘┌───┐          ┌───┐┌───┐       │  └───┘└───┘  │              │  └─┬─┘┌─┴─┐┌───┐└─┬─┘  │    │  
q_2: ─────┤ X ├┤ T ├──┼───────────────────┼────┼─────────┼─────────■──┤ X ├───────■──┤ T ├┤ H ├──■────┼──────────────┼──────────────■────■──┤ X ├┤ T ├──┼────■────┼──
     ┌───┐├───┤└───┘  │  ┌───┐┌───┐       │    │       ┌─┴─┐┌───┐  │  └─┬─┘┌───┐  │  ├───┤└───┘┌─┴─┐  │              │  ┌───┐               └───┘└───┘  │         │  
q_3: ┤ X ├┤ X ├──■────┼──┤ H ├┤ T ├───────┼────┼───────┤ X ├┤ H ├──┼────■──┤ T ├──┼──┤ T ├─────┤ X ├──┼──────────────┼──┤ X ├──■────────────────────────┼─────────┼──
     └─┬─┘└─┬─┘┌─┴─┐  │  ├───┤├───┤┌───┐  │    │  ┌───┐├───┤├───┤┌─┴─┐     └───┘┌─┴─┐├───┤┌───┐├───┤┌─┴─┐          ┌─┴─┐└─┬─┘┌─┴─┐                      │  ┌───┐  │  
q_4: ──┼────■──┤ X ├──┼──┤ T ├┤ H ├┤ T ├──■────■──┤ X ├┤ H ├┤ H ├┤ X ├──────────┤ X ├┤ T ├┤ T ├┤ T ├┤ X ├──────────┤ X ├──■──┤ X ├──────────────────────■──┤ H ├──┼──
       │  ┌───┐└───┘  │  └───┘└───┘└───┘          └─┬─┘├───┤├───┤├───┤┌───┐┌───┐└───┘└───┘└───┘└───┘└───┘          └───┘     └───┘                         └───┘┌─┴─┐
q_5: ──■──┤ H ├───────■─────────────────────────────■──┤ H ├┤ T ├┤ H ├┤ T ├┤ H ├────────────────────────────────────────────────────────────────────────────────┤ X ├
          └───┘                                        └───┘└───┘└───┘└───┘└───┘                                                                                └───┘",
          
0.38339245319366455,0.3838115930557251,-0.0004191398620605469,0.7236520041367436,0.5774422287940979,0.62169755,0.6121850565888334,100.0,"[ 4.64171678e-01  5.00119090e-01  3.36594671e-01  4.70114946e-01
 -1.18254483e-01  5.70849240e-01  1.29397199e-01  8.98702681e-01
  8.73166859e-01 -9.96297836e-01 -1.83496401e-01  2.39547953e-01
 -6.82089984e-01 -9.07831609e-01 -7.68195391e-01 -1.41550645e-01
 -6.50272965e-01 -9.63727772e-01  1.80967882e-01  5.97040802e-02
 -5.30997872e-01  5.07388473e-01  6.86641574e-01  6.86641574e-01
 -2.99234837e-01 -7.64844865e-02  4.59513068e-02 -6.05900645e-01
 -5.43325663e-01 -1.83428138e-01 -4.66380864e-02  3.89357656e-01
  1.61868185e-02  1.35887206e-01 -4.96472061e-01 -7.33379841e-01
 -2.03325972e-01  5.62179446e-01 -8.85289758e-02 -8.18520784e-01
 -8.00138593e-01  8.57819766e-02 -2.00687256e-03 -1.60709813e-01
 -6.16383433e-01 -2.81288207e-01 -1.08563378e-01 -1.09758437e+00
 -1.35565925e+00  2.70437002e-01  9.14865315e-01 -4.05331582e-01
 -4.65876400e-01  1.01970840e+00 -2.22733930e-01 -5.33141047e-02
  1.69346109e-01  1.35595277e-01  1.56513914e-01  4.75502700e-01
  9.23804998e-01 -1.15400827e+00  7.56997108e-01 -9.00360048e-01
  7.12073147e-01  6.06341124e-01 -3.78214478e-01 -1.71081275e-01
 -8.42151195e-02  2.19256252e-01  3.87832373e-01  1.38798371e-01
  6.24974165e-03  2.40949050e-01  2.44990423e-01  3.99642318e-01
  2.51371056e-01  1.44652978e-01  3.49461496e-01 -2.18365006e-02
  1.18532732e-01 -4.51584067e-03  2.57966608e-01  5.39565384e-01
  3.63325834e-01  3.89089137e-02 -8.70020330e-01 -4.20564622e-01
 -3.09214145e-02 -3.05096239e-01  6.55280232e-01 -1.13748240e+00
 -1.96594596e-01  4.16218787e-01  7.73481548e-01  5.39838195e-01
  5.48885465e-01  4.04395968e-01  7.37182617e-01  4.90946501e-01
  6.54184818e-01  3.13087851e-01  5.81799626e-01  4.12882954e-01
  3.60614985e-01  5.43915987e-01  6.64803624e-01  6.54658198e-01
  8.86476133e-03 -5.72159648e-01 -4.19960916e-01 -5.93079533e-03
  6.89433608e-03  1.38074324e-01  9.97442007e-02  8.81563220e-03
  5.34300953e-02 -5.26772499e-01 -4.51287299e-01 -2.26814553e-01
  3.10321689e-01  1.20630473e-01  4.39974759e-03  3.90395224e-01
  2.95850784e-01  2.82114923e-01  2.40668103e-01 -2.20023200e-01
 -3.10697526e-01 -3.00041765e-01 -4.57591474e-01 -4.37629551e-01
  1.93446413e-01 -6.07918322e-01 -5.03359437e-01 -6.52594626e-01
 -8.37544650e-02  1.40760958e-01 -5.52273512e-01  3.78367960e-01
  4.19432789e-01  2.43869081e-01  3.61642718e-01  2.31290475e-01
  3.95024180e-01  4.18850273e-01  1.82850733e-01 -4.13856596e-01
 -4.47752446e-01 -6.58445284e-02 -7.09985197e-01 -6.56232119e-01
 -8.81412685e-01 -6.55434608e-01 -8.69989216e-01 -7.10095286e-01
 -5.13872623e-01 -3.86184990e-01 -3.74862313e-01 -8.73508453e-02
 -2.83783376e-02  5.64568520e-01  6.88054681e-01  5.28406560e-01
  3.16824406e-01 -1.37884483e-01 -3.96854252e-01 -7.68325746e-01
 -2.95069993e-01 -1.62212834e-01 -9.36747789e-01 -4.98411715e-01
 -9.87515330e-01 -5.25983214e-01 -9.98179793e-01  4.88845333e-02
 -9.38741326e-01 -1.06679893e+00 -1.10718751e+00 -3.59965175e-01
 -5.43689966e-01 -6.54937565e-01 -1.55915439e-01  5.79457209e-02
 -2.51350105e-01 -4.87528592e-02 -5.63286185e-01 -5.57974994e-01
 -5.59196472e-01 -6.78022861e-01 -4.74066287e-01 -3.66116613e-01
 -6.13769650e-01 -8.67512107e-01 -1.06124425e+00 -8.02671790e-01
  1.07506943e+00  6.24917686e-01  2.37231001e-01  2.68308848e-01
  1.93583220e-02  1.82743967e-02 -5.38903773e-01  1.67468026e-01
 -4.74702567e-02 -6.52231872e-02 -1.89311951e-02  1.49871662e-01
 -1.27393976e-01 -1.60367572e+00  2.20619857e-01 -4.66978669e-01
  3.47867370e-01  2.84909040e-01  3.18414599e-01  4.44102377e-01
  1.04432955e-01  1.29841435e+00  6.24110341e-01 -2.30523601e-01
 -9.96996820e-01  3.74650806e-01 -3.64529222e-01 -3.95648152e-01
  2.42719337e-01  5.92361242e-02  6.71820283e-01  6.57439381e-02
 -8.51066887e-01  7.70804286e-02  1.53611973e-01 -8.49054456e-02
  1.22509534e-02  4.33826506e-01 -5.75858355e-01 -1.55741394e-01
  5.26591390e-02 -1.59795538e-01  4.85528409e-02 -2.50100791e-02
  2.40732282e-02 -7.96555132e-02 -3.48147094e-01 -3.79437357e-01
 -7.31515527e-01 -3.42460066e-01  7.48488665e-01  4.39665169e-02
  2.27494493e-01  2.53079921e-01  1.86847195e-01 -4.04168457e-01
 -6.03709817e-01 -4.28258359e-01 -6.16983294e-01  5.88888526e-01
  4.38333333e-01  6.47782564e-01 -4.63308185e-01  1.72451556e-01
 -3.66053969e-01  1.48222625e+00 -2.13113263e-01  1.90336436e-01
  1.70471978e+00  6.65142775e-01  1.06308866e+00  7.20432550e-02
  1.64060295e+00  4.63992357e-01 -7.22240627e-01  1.58383146e-01
  1.50617278e+00  5.45092285e-01 -8.71345401e-01  6.39023840e-01
  8.64407420e-01  8.71133804e-01  7.42139578e-01  7.84136474e-01
  6.15872979e-01  8.65920901e-01  8.26397955e-01  8.22600007e-01
  7.60792434e-01  5.59182465e-01  5.38005948e-01  1.93712637e-01
  8.42426717e-02 -2.31863663e-01  8.27357352e-01 -4.27793637e-02
 -7.90825039e-02 -1.58881098e-02  1.15585101e+00 -6.74337924e-01
 -7.28535712e-01 -1.22117206e-01  9.64516103e-01  9.19624150e-01
 -4.07671541e-01  4.29003060e-01 -4.58831549e-01  4.59671825e-01
 -7.97705412e-01  6.09348565e-02  3.63210440e-01 -5.14624894e-01
 -5.30987918e-01 -1.20715290e-01 -4.12365347e-01  1.05191479e-02
  1.49006218e-01 -2.26915091e-01  2.63446122e-01  1.50478315e+00
 -1.61358103e-01 -6.15920186e-01  8.89815569e-01 -1.87615693e-01
 -6.06174707e-01 -1.41387895e-01 -2.76049078e-02 -2.97227830e-01
  7.05633163e-01 -1.28337228e+00  5.59676290e-01  6.76582977e-02
 -2.20530972e-01  2.04739749e-01  3.55735570e-02 -8.73840302e-02
 -1.99976549e-01 -4.53502983e-01 -9.22530055e-01 -9.84199524e-01
 -8.57396960e-01  8.38737845e-01  2.09471270e-01 -3.10063869e-01
 -8.87924016e-01  1.45966485e-01 -1.27451932e+00 -9.00645733e-01
  1.71516836e-02 -7.04015613e-01  2.98470780e-02 -4.94330656e-03
 -9.32288542e-02 -1.27023250e-01 -1.26711503e-01 -1.02397092e-01
 -1.85264781e-01 -3.09501082e-01  1.64478943e-01  1.11514732e-01
 -3.02181929e-01  2.83826143e-01  2.39676073e-01  3.89954299e-01
 -2.53019363e-01  5.50958514e-02  3.55660707e-01  6.44956380e-02
 -1.07921287e-01  2.35209957e-01  3.48139197e-01  5.09266853e-01
  3.89197081e-01  4.07658279e-01 -1.06736267e+00 -6.29891574e-01
 -9.34138954e-01 -8.33634496e-01 -6.12556577e-01 -1.28686860e-01
 -1.01352727e+00 -5.53219974e-01 -5.99868059e-01 -6.97005928e-01
 -5.01505673e-01 -3.06965739e-01 -2.72862017e-01  6.25452492e-03
  1.85151219e+00  2.95356333e-01  2.56412417e-01  6.87078118e-01
  4.14576888e-01 -3.72309059e-01  3.83134544e-01 -8.00309658e-01
 -3.59494716e-01 -6.73645139e-01 -7.89349914e-01 -8.83116007e-01
 -6.06322527e-01  9.19066668e-01 -1.48578808e-01 -3.72463614e-02
 -1.30179906e+00 -2.93586522e-01 -2.81778425e-01  2.16252542e+00
  2.14456964e+00  1.98614940e-01  3.61478359e-01 -6.80505276e-01
 -8.51778030e-01 -6.32316828e-01  9.07117784e-01  4.00272101e-01
 -8.55671167e-01 -1.65204331e-01  2.10168228e-01  6.08900428e-01
  9.42562401e-01  2.88509786e-01 -3.65131408e-01 -3.96970421e-01
 -4.16037410e-01 -3.03915024e-01 -1.08922553e+00 -1.21782541e+00
 -4.47793692e-01 -6.95227027e-01 -1.03911138e+00 -7.98981130e-01
 -1.15049458e+00 -2.87313670e-01 -3.68186682e-01 -7.09621310e-01
 -3.37189645e-01 -2.78754979e-01 -6.41232133e-01 -5.71409822e-01
 -5.29033303e-01 -4.55181450e-01 -5.29666007e-01 -5.78118920e-01
 -7.47227073e-01 -7.96803594e-01 -6.04769826e-01 -3.44631404e-01
  1.19251102e-01  1.04496196e-01  8.99584442e-02  1.87121183e-02
 -2.45990738e-01  9.42383766e-01 -3.16806406e-01 -1.21832699e-01
  3.90977830e-01 -2.62267381e-01 -7.93328166e-01  2.68251359e-01
  1.15278021e-01 -1.22699132e-02  1.53615034e+00  1.43103373e+00
  1.68967319e+00  1.55293190e+00  1.43103373e+00  1.06779587e+00
  1.00536215e+00  8.69635344e-01  8.39809597e-01  1.71871531e+00
  1.48498166e+00 -2.02210292e-01  7.15246648e-02 -3.38250667e-01
 -4.79791090e-02 -5.97371221e-01  3.27708125e-01 -5.79124808e-01
 -2.95120567e-01 -6.56886697e-01  2.18666121e-01 -5.82006097e-01
  8.75580072e-01  9.68488399e-03 -3.84403408e-01 -3.52121323e-01
 -2.80602068e-01  1.87047601e+00  4.89139348e-01  4.90417033e-01
  5.83649755e-01  1.72159028e+00  5.87634683e-01  4.64708835e-01
 -9.03855711e-02  4.76518214e-01  5.90964019e-01  2.23686770e-01
  8.18093300e-01  4.63148922e-01  6.31303191e-01 -8.75152051e-01
  3.70568961e-01  3.41661096e-01 -2.29657292e-01  7.55444944e-01
  4.26078886e-01  1.41056940e-01 -1.48671046e-01 -1.45646587e-01
 -1.59275964e-01 -1.75242826e-01  3.27676460e-02 -3.93848628e-01
  1.29837275e-01 -4.11274135e-01 -3.15682478e-02  4.27965909e-01
  5.47006428e-01  4.79879528e-01  4.29740697e-01  2.98607767e-01
 -4.13643301e-01  4.82731909e-01  3.66054565e-01 -6.41598225e-01
 -6.81975842e-01 -5.53539097e-01 -5.31454563e-01  1.58212736e-01
 -8.24086428e-01 -1.33290279e+00  5.31581342e-01 -3.00930828e-01
  2.09974885e-01 -2.05949053e-01 -4.24593776e-01 -1.06920576e+00
  3.88225287e-01  6.65737331e-01 -1.64373934e-01 -1.05883729e+00
  2.36205250e-01  4.24413949e-01 -7.31252670e-01  4.03269082e-02
  2.16518089e-01  3.96419227e-01 -4.06848043e-01 -1.46443951e+00
 -3.23771149e-01 -7.82736897e-01 -1.09989846e+00 -1.45172551e-01
 -1.48432001e-01  9.22500372e-01  8.35824490e-01  8.56921017e-01
  7.97597349e-01  2.15600565e-01  5.96655846e-01 -2.96255052e-01
 -3.16027492e-01  5.75903535e-01  8.06488991e-01  1.68429524e-01
  7.31091350e-02 -2.16352448e-01 -7.96162546e-01  2.52635419e-01
  5.95206022e-02 -9.03978944e-01 -9.79322255e-01 -7.17580616e-01
 -7.38277614e-01 -5.86169600e-01 -6.14359200e-01 -2.22610205e-01
  1.94596592e-03  1.56773046e-01 -1.94187030e-01 -7.87872970e-02
 -3.53746325e-01 -4.46087718e-01 -5.16385198e-01 -4.89918768e-01
 -3.73714626e-01 -5.60315251e-01 -4.37981039e-01 -5.48879027e-01
  1.53449953e-01  3.63570720e-01  4.80146199e-01  2.90574104e-01
  3.63880992e-01  4.33693320e-01  5.08445323e-01 -3.95728678e-01
  4.46502209e-01 -7.77427793e-01 -9.31940198e-01 -4.09411818e-01
 -5.02297699e-01 -3.29627037e-01 -5.08460253e-02 -9.98583078e-01
 -7.41086006e-01 -5.92190146e-01 -6.28605604e-01 -5.19095004e-01
 -2.02911496e-01  2.30383128e-02 -1.74125776e-01 -5.83770126e-02
  2.00094283e-01  3.76704428e-03  3.69144261e-01  6.19976163e-01
 -3.79679888e-01 -8.34206700e-01 -8.41709971e-02 -3.65987301e-01
 -2.25633994e-01  1.12261385e-01  4.47473794e-01  3.84802014e-01
  2.14397743e-01 -1.35666102e-01  1.02551118e-01 -2.95589715e-01
  9.85113919e-01  6.03276134e-01 -2.00128406e-02 -9.44212675e-01
  8.20395947e-01  4.65538234e-01  5.16167283e-01 -3.44133109e-01
 -1.15405583e+00 -2.38903508e-01 -1.01643384e+00  4.56461877e-01
  4.40326005e-01  6.14291310e-01  4.74398553e-01  4.14284140e-01
  4.40613508e-01  2.78207511e-01 -4.80712831e-01 -6.68334782e-01
  1.30458176e+00  1.53230202e+00  1.78990459e+00 -4.26241845e-01
 -2.16386467e-02  2.73157418e-01  2.86459655e-01  1.91178843e-01
  4.04426903e-01 -6.40301406e-01 -4.76904303e-01 -6.74000680e-01
  3.00651878e-01  3.48195970e-01  4.67430115e-01 -4.75165993e-01
 -3.35630208e-01 -1.04141673e-02  1.23513862e-01 -4.61321354e-01
 -6.26310468e-01 -2.80237675e-01  2.96547264e-01  1.54256356e+00
  4.28179204e-02  2.42788747e-01 -9.90463942e-02  9.98722315e-01
  7.84085870e-01 -2.59876847e-01 -4.21201229e-01  8.48470926e-02
  2.31236622e-01  1.35727048e-01  4.00901645e-01  7.11972177e-01
  5.33972919e-01 -3.44889984e-02 -1.45864651e-01 -2.47003689e-01
 -2.43783861e-01 -3.61995399e-01 -7.78819799e-01 -5.89209437e-01
 -5.91445446e-01  3.20824057e-01  3.21324378e-01  2.67842144e-01
 -2.66147643e-01  5.33008397e-01 -8.09018970e-01  2.05326721e-01
  4.28606182e-01  5.43736935e-01 -2.75917470e-01 -5.68346858e-01
  7.49668241e-01  3.26263934e-01 -1.04221141e+00 -6.23351872e-01
 -1.04889989e+00  2.03925252e+00 -1.12236750e+00  5.45485973e-01
 -6.25685453e-01 -4.00244445e-01 -5.26416481e-01 -3.31976891e-01
 -2.72307485e-01 -3.95151228e-01 -5.07069170e-01 -3.89443547e-01
 -2.96338677e-01 -8.10183346e-01  3.13300788e-02 -1.03975972e-02
  5.36494374e-01 -4.13383335e-01 -5.49442470e-01 -3.10065240e-01
 -8.67429137e-01 -6.45760775e-01 -6.56877875e-01 -3.17873746e-01
 -4.80673015e-01 -1.78500429e-01  9.59364027e-02  1.81171849e-01
  6.28009617e-01  5.63144445e-01  7.06095695e-01  8.52210701e-01
  8.99948299e-01  8.64139080e-01  2.84764498e-01 -5.85303068e-01
 -7.42616713e-01 -6.70444548e-01  3.15905541e-01  2.84338832e-01
  1.23429084e+00 -1.62006795e+00  1.27886617e+00 -5.78478217e-01
  1.29030395e+00 -5.85404754e-01 -5.69225550e-01 -5.81690192e-01
 -5.02039909e-01 -5.15790522e-01 -4.78195280e-01 -5.23404837e-01
 -5.02039909e-01 -6.16124988e-01 -1.81325361e-01 -5.80911756e-01
  2.98180759e-01  1.45269290e-01 -1.09101450e+00 -1.07632768e+00
 -1.12059736e+00  6.15688443e-01  9.28870082e-01 -1.31386292e+00
  5.43981850e-01  4.70806330e-01  3.04226249e-01  4.99271542e-01
 -5.49927354e-01 -7.90312588e-01 -6.14336491e-01  1.28609526e+00
  1.07423794e+00  3.95430893e-01 -8.16505909e-01  9.18816984e-01
  2.09534526e-01  1.96738079e-01 -4.09868985e-01 -5.59676349e-01
 -1.28963780e+00 -1.28963780e+00  9.95277047e-01  9.97865558e-01
  9.85532939e-01  5.25492907e-01  3.38045657e-01 -1.50754440e+00
 -1.45431840e+00  7.63128996e-01  5.98561466e-01  3.71786803e-01
 -9.49939713e-05 -3.85807663e-01 -5.49879730e-01  3.71189207e-01
  8.51725996e-01  6.42315567e-01  5.28709054e-01  5.19180238e-01
  6.92920148e-01  6.32695138e-01 -3.39998230e-02 -6.30958080e-01
  2.65301436e-01 -4.22537416e-01  3.03487778e-02  5.56006372e-01
  6.54229164e-01  5.67918658e-01  4.35527354e-01  1.61355627e+00
  5.11668086e-01  1.61077291e-01 -4.27035689e-02 -2.46716291e-01
 -1.01047143e-01 -5.46328630e-03 -1.27087995e-01  1.84880659e-01
 -3.57728988e-01 -2.63480812e-01  3.33305538e-01 -1.99987486e-01
 -1.30060717e-01  1.11577518e-01  9.82480571e-02 -7.14477450e-02
  6.01364255e-01 -1.15902340e+00 -8.67003109e-03  1.91435540e+00
 -3.40948433e-01  4.07489449e-01 -1.29385602e+00 -1.14638138e+00
 -1.19281626e+00 -3.36014509e-01 -3.58514458e-01  4.64984030e-01
  5.07722259e-01 -4.35534090e-01 -4.01782453e-01  5.53646743e-01
  6.97523713e-01  4.33587432e-01 -2.32251629e-01 -4.05696720e-01
 -1.34394675e-01 -1.39482453e-01  9.65896249e-01  1.67615509e+00
 -3.49889189e-01  2.12885618e-01  2.32297942e-01 -3.20928931e-01
 -3.60378295e-01 -3.48068148e-01 -5.01885474e-01 -3.22911173e-01
 -7.36101747e-01 -4.08486933e-01 -3.60400587e-01  6.38262033e-01
  6.24694347e-01  6.78907186e-02  1.55465499e-01 -2.29549110e-01
 -3.53418738e-01 -2.51080543e-01 -3.24890912e-01 -5.48992753e-01
 -3.84520859e-01 -4.20046180e-01 -4.42224115e-01 -9.02997255e-02
  4.51746613e-01  3.77711922e-01  2.48681024e-01 -6.85136080e-01
 -3.34712684e-01  8.59206200e-01  8.93749952e-01 -6.21771395e-01
 -9.25259769e-01  5.29936314e-01  7.16087222e-01  9.02005255e-01
  7.85862446e-01  2.89310664e-01  4.14506532e-04  4.62772787e-01
  3.00831497e-01 -8.51735771e-01 -3.53833467e-01  5.57827115e-01
 -6.29962683e-01 -5.53043962e-01 -1.80396721e-01 -4.41493839e-02
 -3.14755142e-01 -9.36807841e-02 -3.94505888e-01 -1.54155806e-01
 -4.89362657e-01  1.07283998e+00  9.37452793e-01  5.71265399e-01
  4.03210402e-01  5.13496697e-01  2.16509029e-01  1.11574838e-02
  1.57653317e-01  1.60705283e-01  5.62654883e-02  8.28580931e-02
 -8.00681412e-02  5.77366471e-01  4.94267851e-01  1.81899101e-01
  3.53977412e-01]","[ 1.31616664e+00  1.27552319e+00  1.58034909e+00  1.93597901e+00
  2.39829803e+00  1.91057682e+00  3.25483114e-01  1.51938355e+00
  1.43809676e+00 -8.37934971e-01  3.66126508e-01 -5.12787640e-01
 -1.53395379e+00 -5.78833282e-01 -1.42218447e+00 -1.92514682e+00
 -1.15292180e+00 -1.42726481e+00 -8.60318020e-02 -6.95683122e-01
  7.52238929e-01 -3.60374928e-01 -3.01470216e-02 -6.57098666e-02
 -1.39678216e+00  1.26536214e+00  9.04651642e-01 -1.06147385e+00
 -1.24944985e+00  6.09987080e-01  1.34156883e+00  8.58928204e-01
 -2.11820292e+00 -1.49331033e+00 -1.47298872e+00 -4.53881696e-02
 -5.22948503e-01  3.08180638e-02  6.91273868e-01 -1.19356513e+00
 -1.07671523e+00  1.08246684e+00 -8.32854688e-01 -8.32854688e-01
  1.23996031e+00 -2.84168452e-01 -2.02881426e-01 -1.99627280e+00
 -1.30533457e+00 -4.82305080e-01 -3.14650983e-01 -1.46790826e+00
 -1.18848455e+00 -4.03078683e-02 -7.00763404e-01 -3.60374928e-01
 -4.51822549e-01  5.33780634e-01 -3.40053231e-01  5.54102302e-01
  3.00080895e-01 -1.43234527e+00  3.71206820e-01 -2.08264017e+00
  1.05198407e+00  1.03166234e+00 -1.82559729e-01 -5.53431034e-01
 -3.70535761e-01  7.82721519e-01  9.04651642e-01  1.27552319e+00
  6.96354389e-01 -6.75361454e-01 -5.58511555e-01 -3.14650983e-01
 -9.03980613e-01 -1.05131304e+00 -7.00763404e-01  8.53847682e-01
  7.87802041e-01  1.14343190e+00 -4.16259468e-01  7.82721519e-01
  5.64263165e-01  1.10786915e+00 -2.84168452e-01  5.08378386e-01
  1.97662234e+00  6.91273868e-01  2.17983937e+00 -1.78797519e+00
  2.34035254e-01  7.06515253e-01  1.67989627e-01  5.13458908e-01
  1.16375363e+00  1.98472410e-01 -4.03078683e-02  1.17185384e-01
 -1.36836037e-01 -4.82305080e-01  1.37713170e+00  6.65871620e-01
  5.99826217e-01  6.45549953e-01  5.99826217e-01  6.65871620e-01
  5.33780634e-01 -4.77224797e-01 -4.51822549e-01  1.47667930e-01
  1.83231011e-01  3.25483114e-01  5.62203042e-02  9.68636945e-02
  4.09789123e-02 -3.24811846e-01 -7.76969910e-01 -1.26675189e-01
  1.08754742e+00  1.27346233e-01  9.65617239e-01  8.03043187e-01
  4.22011048e-01  1.55769140e-02  5.38860917e-01 -1.49056287e-02
 -6.57098666e-02 -9.82532557e-03 -1.20880628e+00 -1.39678216e+00
  5.38860917e-01 -8.88739467e-01 -9.59865391e-01 -7.92211294e-01
  1.37507081e-01 -8.32854688e-01  1.01944238e-01 -7.71889627e-01
 -6.70280874e-01 -6.09315813e-01 -5.17868161e-01 -5.43270171e-01
 -7.10924268e-01 -4.56902862e-01  3.66126508e-01 -2.28283659e-01
 -3.09570432e-01  5.38860917e-01 -1.10211754e+00 -1.29009330e+00
 -9.44624007e-01 -1.03607190e+00 -1.29517376e+00 -7.71889627e-01
 -1.97801128e-01 -6.29637480e-01 -7.58707151e-02 -1.19356513e+00
 -1.17324340e+00 -3.40053231e-01  5.79504550e-01  1.52748480e-01
 -2.84168452e-01 -1.42218447e+00  1.01134074e+00 -1.02591097e+00
 -8.32854688e-01 -1.41202343e+00 -1.78797519e+00 -1.68128633e+00
 -1.86418164e+00 -1.84386003e+00 -1.53395379e+00 -1.38154089e+00
 -1.23420858e+00 -1.64572322e+00 -1.51363206e+00 -1.12243915e+00
 -3.40053231e-01 -8.63337219e-01 -7.56648242e-01 -6.19476676e-01
 -3.75616074e-01 -8.48096073e-01 -2.28283659e-01 -6.95683122e-01
 -9.34463143e-01 -9.80187118e-01 -9.70026255e-01 -2.48605356e-01
 -2.15376616e+00 -1.34089756e+00 -1.49839079e+00 -1.61524069e+00
  1.04690397e+00  2.07315040e+00  1.08246684e+00  7.14616925e-02
  1.36697102e+00  1.27552319e+00  1.16375363e+00  1.11294961e+00
  1.67179644e+00  6.55710757e-01  3.00080895e-01  1.67179644e+00
 -9.75106776e-01 -1.17324340e+00  5.11399992e-02 -2.63846755e-01
  6.04906559e-01 -4.16259468e-01  3.96609068e-01  7.87802041e-01
  6.15067422e-01  1.30092549e+00  4.57574129e-01  4.93137211e-01
  6.35389090e-01  4.11850214e-01 -1.80829704e+00 -1.11735868e+00
  8.84329975e-01  9.50375617e-01  8.28445435e-01  5.38860917e-01
 -4.92465943e-01  7.14616925e-02  1.52748480e-01 -2.28283659e-01
  4.09789123e-02  5.03298044e-01 -5.88994086e-01 -4.82305080e-01
 -6.09315813e-01 -9.80187118e-01 -9.49704528e-01 -6.60120070e-01
 -4.77224797e-01 -9.29382861e-01  3.86448205e-01 -1.36836037e-01
 -3.40053231e-01 -4.03078683e-02  6.25228226e-01  5.69343686e-01
  2.57377606e-02 -2.50664763e-02  6.96354389e-01 -2.02881426e-01
 -1.32565629e+00 -6.34718060e-01 -1.10211754e+00  4.88056690e-01
  1.16375363e+00  1.05706465e+00  3.55965674e-01  7.31917262e-01
 -9.14141476e-01  2.25604606e+00 -2.28283659e-01  2.84839481e-01
  2.12903523e+00  8.33525956e-01  1.11294961e+00  3.61045957e-01
  1.41777503e+00 -1.10211754e+00 -1.02083051e+00  3.30563426e-01
  3.86448205e-01  1.90041566e+00 -1.17832375e+00  2.57377606e-02
 -1.99861731e-02  1.57828778e-01  3.55965674e-01  4.82976377e-01
  2.08633259e-01 -2.28283659e-01  8.16225410e-02 -3.01470216e-02
  4.09789123e-02 -2.07961977e-01  3.50885123e-01 -4.36581165e-01
 -1.13260007e+00 -9.59865391e-01  1.07230628e+00  5.49021780e-01
  6.09987080e-01  9.17833894e-02  1.18407536e+00  1.02150178e+00
  1.21455812e+00  8.84329975e-01  1.03166234e+00  1.31108606e+00
  2.34035254e-01  3.15322280e-01 -1.21388686e+00 -1.01272956e-01
 -5.94074667e-01  1.55769140e-02  1.57828778e-01 -9.11121070e-02
  1.78150713e-01 -1.11735868e+00 -1.22404766e+00  4.11850214e-01
  3.91528517e-01 -4.01018322e-01  3.15322280e-01  2.24080443e+00
  9.14812744e-01 -5.43270171e-01  1.29584491e+00  7.31917262e-01
 -1.31755501e-01  1.27346233e-01  6.45549953e-01  5.41606639e-03
  1.13327134e+00 -1.48822999e+00  4.22011048e-01 -2.50664763e-02
 -5.73752701e-01 -9.11121070e-02 -2.38444507e-01  3.45804811e-01
  1.93391860e-01 -1.59999943e+00 -7.87130773e-01 -7.16004848e-01
 -1.23420858e+00  6.45549953e-01 -9.70026255e-01  2.79759198e-01
 -1.40186262e+00  3.58986072e-02 -7.41407037e-01 -2.15376616e+00
  1.42587632e-01 -7.71889627e-01  9.68636945e-02  2.39115804e-01
 -2.74007589e-01 -6.06295615e-02  1.67989627e-01  2.03552708e-01
  1.88311562e-01  2.84839481e-01  4.93137211e-01  3.30563426e-01
 -3.34972680e-01  3.45804811e-01  6.65871620e-01  4.06769902e-01
  1.57828778e-01  9.04651642e-01  5.64263165e-01 -1.02591097e+00
  9.09732223e-01  1.12311029e+00  8.08123708e-01 -6.09315813e-01
  3.30563426e-01 -3.24811846e-01 -1.65588403e+00 -2.16900754e+00
 -1.06655443e+00 -6.95683122e-01 -5.73752701e-01 -1.05131304e+00
 -8.07452440e-01 -7.31246233e-01 -6.19476676e-01 -6.39798343e-01
  3.25483114e-01  1.37507081e-01  1.32426783e-01 -1.52077183e-01
  2.10363317e+00  6.45549953e-01  8.53847682e-01  9.30053890e-01
  1.12105086e-01 -8.93819749e-01  1.32426783e-01 -3.65455240e-01
 -5.99154949e-01 -2.89248765e-01 -8.78578603e-01 -2.99409598e-01
 -4.36581165e-01  3.25483114e-01 -4.77224797e-01  3.96609068e-01
 -1.27485192e+00  4.62654680e-01  2.59437501e-01  2.68788218e+00
  2.29160881e+00  1.30092549e+00  1.20947754e+00 -6.65200591e-01
 -2.99409598e-01 -1.38662136e+00  1.58034909e+00  1.67179644e+00
 -3.80696625e-01  4.52493846e-01  7.16676116e-01  1.35680997e+00
  6.55710757e-01  2.59643483e+00  1.07230628e+00 -9.82532557e-03
  2.18794107e-01  6.04906559e-01 -3.01470216e-02 -1.16308260e+00
  5.74424028e-01  1.22265935e-01 -1.05639362e+00 -8.27774167e-01
 -1.20880628e+00 -9.80187118e-01 -6.75361454e-01 -8.07452440e-01
 -2.84168452e-01  1.01944238e-01 -1.04623270e+00 -1.26977146e+00
 -9.85267639e-01 -9.85267639e-01 -1.36629963e+00 -1.17832375e+00
 -1.09703696e+00 -1.66604495e+00  1.04690397e+00 -6.90602601e-01
  4.82976377e-01  2.23874405e-01  9.68636945e-02  2.59437501e-01
 -3.52273248e-02  1.18407536e+00 -1.18848455e+00 -6.44878864e-01
  1.27346233e-01 -4.72144246e-01  9.19893324e-01 -4.51822549e-01
 -4.56902862e-01 -7.61728764e-01  2.11887431e+00  2.27636766e+00
  1.78864658e+00  1.76324439e+00  1.74292266e+00  2.19000053e+00
  8.69088829e-01  2.08331132e+00  8.69088829e-01  8.79249930e-01
  1.17391467e+00  5.43941438e-01  3.55965674e-01 -2.63846755e-01
 -1.17324340e+00 -1.43234527e+00 -7.56648242e-01 -1.62238032e-01
 -1.09703696e+00 -4.82305080e-01  6.35389090e-01 -1.31549537e+00
  1.82420945e+00  4.82976377e-01  3.91528517e-01  7.14616925e-02
 -3.34972680e-01  1.56002688e+00  2.13713557e-01  2.44196102e-01
  2.59437501e-01  2.79965186e+00  1.47667930e-01  8.16225410e-02
 -9.44624007e-01 -1.62238032e-01  1.04963686e-02  5.13458908e-01
 -3.24811846e-01  5.41606639e-03 -8.60318020e-02 -9.61926505e-02
  7.06515253e-01 -2.43525058e-01 -4.82305080e-01  2.39115804e-01
  1.12105086e-01  7.77641177e-01 -3.09570432e-01  5.18539250e-01
 -5.38189888e-01 -2.33364210e-01  2.57377606e-02  3.71206820e-01
 -9.14141476e-01  8.08123708e-01 -2.28283659e-01 -1.49056287e-02
  1.07024543e-01  2.15443707e+00  2.06298971e+00 -1.34089756e+00
 -8.63337219e-01  8.38606536e-01  4.57574129e-01 -6.90602601e-01
 -1.05639362e+00 -1.50855160e+00 -3.50214064e-01 -8.88739467e-01
 -9.85267639e-01 -9.09061193e-01 -7.58707151e-02 -3.75616074e-01
  7.65419975e-02 -2.07961977e-01 -4.74478118e-03 -3.60374928e-01
 -6.49959207e-01  1.78150713e-01  4.47413296e-01  1.73070163e-01
  5.11399992e-02  9.17833894e-02 -8.68417799e-01  3.76287371e-01
  3.58986072e-02  1.05198407e+00 -8.32854688e-01 -1.69652760e+00
  5.59182882e-01 -2.00135326e+00 -1.91498590e+00 -2.68927068e-01
 -1.46996886e-01  7.52238929e-01  3.71206820e-01  9.19893324e-01
  2.23874405e-01  1.57828778e-01  1.70735979e+00  1.01944238e-01
  8.58928204e-01 -2.99409598e-01  4.09789123e-02 -1.34089756e+00
 -9.90347922e-01 -1.07163477e+00 -1.77273393e+00  5.08378386e-01
 -2.33364210e-01 -1.84894037e+00 -1.66096449e+00 -1.05639362e+00
 -1.32565629e+00 -8.88739467e-01 -7.10924268e-01 -6.29637480e-01
  3.86448205e-01  7.16676116e-01  1.83231011e-01  1.54986632e+00
  1.01134074e+00  9.30053890e-01  6.86193585e-01  7.01434731e-01
  4.88056690e-01  1.07024543e-01  9.80858386e-01  1.00118005e+00
  4.22011048e-01 -1.87640280e-01  6.15067422e-01 -4.74478118e-03
  6.55710757e-01  1.88311562e-01 -1.31755501e-01 -1.25961065e+00
  1.04963686e-02 -1.26469111e+00 -4.82305080e-01 -1.77479431e-01
 -9.82532557e-03  6.63811490e-02 -4.56902862e-01 -1.38154089e+00
 -7.92211294e-01 -5.17868161e-01 -5.17868161e-01  1.52748480e-01
 -2.15884638e+00 -1.29009330e+00 -1.37646055e+00 -1.43742573e+00
 -9.61926505e-02 -1.35613883e+00 -7.36326516e-01  1.11802971e+00
 -1.09195638e+00 -9.44624007e-01 -4.92465943e-01 -7.21085370e-01
 -3.75616074e-01  1.51938355e+00  1.01134074e+00  5.99826217e-01
 -1.31755501e-01  5.79504550e-01 -4.74478118e-03 -2.48605356e-01
  8.58928204e-01  5.33780634e-01  8.33525956e-01 -5.94074667e-01
  3.50885123e-01  8.13204288e-01  9.40214992e-01 -4.11179155e-01
 -5.53431034e-01 -4.01018322e-01 -8.07452440e-01  1.46857953e+00
  1.42793620e+00  1.46857953e+00  1.49398184e+00  1.10786915e+00
  8.64008248e-01  2.24080443e+00  4.67734993e-01 -1.01066959e+00
  7.77641177e-01  5.99826217e-01  3.05161417e-01  3.00080895e-01
 -3.60374928e-01 -7.05843985e-01 -5.02626777e-01 -9.61926505e-02
 -1.03099132e+00 -1.49839079e+00 -8.60318020e-02 -1.08687615e+00
  3.05161417e-01  5.54102302e-01  1.08754742e+00  6.45549953e-01
  3.86448205e-01  4.67734993e-01 -1.87640280e-01 -7.46487379e-01
 -1.20880628e+00 -9.82532557e-03  1.55769140e-02  3.00080895e-01
  3.45804811e-01  5.79504550e-01  3.86448205e-01  1.46857953e+00
  1.30600548e+00 -1.26469111e+00 -1.20372593e+00 -9.54784870e-01
 -4.26420301e-01 -6.55039728e-01 -2.99409598e-01  9.68636945e-02
 -1.18848455e+00 -7.71889627e-01 -8.60318020e-02  1.98472410e-01
  3.05161417e-01  4.57574129e-01  3.35521385e-04  1.67989627e-01
  1.47667930e-01  7.06515253e-01 -3.34972680e-01  1.67989627e-01
 -1.58475816e+00 -1.87640280e-01 -4.74478118e-03  1.27346233e-01
  5.62203042e-02  5.11399992e-02 -8.78578603e-01 -6.09315813e-01
  7.87802041e-01  5.03298044e-01 -1.06655443e+00 -1.17324340e+00
 -1.36121929e+00  1.72260094e+00 -3.90857458e-01  5.41606639e-03
 -6.95683122e-01 -6.49959207e-01 -6.80441737e-01 -1.06147385e+00
 -9.70026255e-01 -5.99154949e-01 -3.14650983e-01 -7.87130773e-01
 -8.17613304e-01 -1.24944985e+00 -3.29892129e-01 -3.80696625e-01
 -3.60374928e-01  4.22011048e-01 -2.18122825e-01 -2.13042513e-01
 -8.68417799e-01 -6.60120070e-01 -7.71889627e-01 -7.26165652e-01
 -7.76969910e-01 -6.80441737e-01  8.28445435e-01  4.11850214e-01
 -6.90602601e-01  1.04963686e-02 -5.17868161e-01  9.60536718e-01
  4.77895826e-01  8.58928204e-01  5.38860917e-01 -2.58766204e-01
 -6.65200591e-01 -8.73498082e-01 -2.48605356e-01 -3.40053231e-01
  6.65871620e-01 -1.82353830e+00  7.31917262e-01 -6.34718060e-01
  4.47413296e-01  3.76287371e-01 -5.63591897e-01 -1.03099132e+00
  1.31616664e+00 -6.90602601e-01  4.32172149e-01  5.74424028e-01
 -1.57157734e-01 -5.07707357e-01 -3.09570432e-01 -1.54411471e+00
  9.50375617e-01  2.47958469e+00  3.00080895e-01 -1.31755501e-01
  3.00080895e-01 -5.28029025e-01 -6.80441737e-01 -9.19221997e-01
  1.66163588e+00  9.96099532e-01 -3.60374928e-01 -6.55039728e-01
  1.47667930e-01 -1.70668840e+00 -9.59865391e-01  3.96609068e-01
  2.08839202e+00  3.76287371e-01 -1.88450336e+00  2.08839202e+00
  1.98472410e-01  3.08180638e-02 -1.00050879e+00 -9.34463143e-01
 -9.64945734e-01 -6.39798343e-01  7.67480373e-01  9.04651642e-01
  6.35389090e-01  6.55710757e-01  4.88056690e-01 -4.82305080e-01
 -5.12787640e-01  1.91057682e+00  5.23619771e-01  3.61045957e-01
 -6.06295615e-02  4.60594557e-02 -1.03099132e+00  6.35389090e-01
  1.18407536e+00  9.55456138e-01  5.79504550e-01  1.39237285e+00
  1.27552319e+00  1.06722569e+00 -5.38189888e-01  1.67179644e+00
 -5.22948503e-01 -6.34718060e-01 -8.88739467e-01  1.97662234e+00
  2.02742648e+00  1.74800324e+00  1.46857953e+00  5.54102302e-01
 -4.36581165e-01  4.62654680e-01  3.10241729e-01 -9.49704528e-01
  3.50885123e-01 -8.12533021e-01 -7.21085370e-01 -8.68417799e-01
 -9.59865391e-01 -7.10924268e-01 -1.43234527e+00  3.86448205e-01
 -1.56951690e+00 -3.80696625e-01 -7.36326516e-01 -9.49704528e-01
  6.30308807e-01 -1.48314953e+00 -1.00050879e+00  1.11294961e+00
 -5.99154949e-01  4.88056690e-01 -2.84168452e-01 -4.53881696e-02
 -1.49331033e+00  3.35521385e-04 -9.95428503e-01  4.37252432e-01
  4.82976377e-01  4.09789123e-02 -3.55294377e-01  6.76032484e-01
  5.43941438e-01  9.65617239e-01 -9.19221997e-01 -6.55039728e-01
 -3.70535761e-01 -2.07961977e-01 -5.55490181e-02  8.84329975e-01
  2.57377606e-02  3.58986072e-02  6.91273868e-01 -8.88739467e-01
 -6.85522258e-01 -5.73752701e-01 -9.64945734e-01 -8.07452440e-01
 -5.38189888e-01 -1.20372593e+00 -8.98900330e-01  4.82976377e-01
  5.33780634e-01  3.20402563e-01 -1.73209047e+00 -7.36326516e-01
 -7.56648242e-01 -8.68417799e-01 -7.56648242e-01 -1.04623270e+00
 -4.92465943e-01 -5.12787640e-01 -5.63591897e-01 -6.80441737e-01
 -1.21594645e-01  9.19893324e-01 -2.48605356e-01 -2.17916822e+00
 -1.75241220e+00  1.47667930e-01  4.60594557e-02 -1.23420858e+00
 -2.05215764e+00 -4.53881696e-02  1.04963686e-02  1.93391860e-01
  7.82721519e-01 -6.65200591e-01 -6.65200591e-01  4.62654680e-01
  1.88311562e-01 -1.63556230e+00 -6.49959207e-01  1.13327134e+00
  1.21455812e+00 -8.48096073e-01 -5.83913565e-01 -8.48096073e-01
 -8.32854688e-01  3.81367654e-01 -5.48350751e-01 -1.99861731e-02
  6.63811490e-02  1.93089843e+00  1.82420945e+00  1.82420945e+00
  1.46857953e+00  1.97154188e+00 -8.63337219e-01 -1.46996886e-01
 -1.26675189e-01 -7.07904100e-02  6.65871620e-01 -1.72398880e-01
 -4.53881696e-02  2.19000053e+00  1.05706465e+00  1.39237285e+00
  6.25228226e-01]","[[ 1.6226348  -2.438927   -0.5301489  ... -0.9281977  -2.630218
   1.7189149 ]
 [ 1.4618763  -2.250227   -0.59350944 ... -0.91346675 -2.3493075
   2.2611327 ]
 [ 1.8394171  -3.6227012  -0.9196739  ...  3.8626556  -1.8897375
  -0.55386126]
 ...
 [-4.664351    1.8181652  -1.5571866  ...  5.6721306  -1.2949312
  -0.8685295 ]
 [ 1.2445036   1.3484021  -0.13632932 ...  0.01980948 -1.0761145
  -1.3321803 ]
 [ 2.4244406  -1.6469027  -1.3615397  ... -0.8510964  -1.5917313
   0.43292487]]",[],[]
0,

"     ┌───┐┌───┐┌───┐                                             ┌───┐          ┌───┐┌───┐┌───┐     ┌───┐                    
q_0: ┤ H ├┤ H ├┤ X ├──■─────────────────────────────■─────────■──┤ H ├───────■──┤ H ├┤ H ├┤ H ├─────┤ X ├────────────────────
     └───┘└───┘└─┬─┘  │  ┌───┐┌───┐┌───┐┌───┐       │         │  ├───┤┌───┐  │  ├───┤├───┤├───┤     └─┬─┘┌───┐┌───┐┌───┐     
q_1: ──■────■────■────┼──┤ H ├┤ H ├┤ T ├┤ X ├───────┼────■────┼──┤ T ├┤ T ├──┼──┤ H ├┤ H ├┤ T ├──■────┼──┤ T ├┤ T ├┤ H ├─────
     ┌─┴─┐┌─┴─┐┌───┐┌─┴─┐├───┤├───┤├───┤└─┬─┘┌───┐  │    │    │  └───┘└───┘┌─┴─┐├───┤├───┤├───┤  │    │  └───┘└───┘├───┤     
q_2: ┤ X ├┤ X ├┤ X ├┤ X ├┤ H ├┤ H ├┤ T ├──■──┤ H ├──┼────┼────┼────────────┤ X ├┤ H ├┤ H ├┤ H ├──┼────┼─────────■──┤ H ├──■──
     ├───┤└───┘└─┬─┘└───┘├───┤└───┘├───┤┌───┐├───┤  │  ┌─┴─┐  │  ┌───┐     └───┘└───┘└───┘└───┘┌─┴─┐  │         │  └───┘  │  
q_3: ┤ T ├───────┼───────┤ X ├─────┤ X ├┤ H ├┤ X ├──┼──┤ X ├──┼──┤ H ├──■──────────────────────┤ X ├──┼─────────┼─────────┼──
     ├───┤┌───┐  │  ┌───┐└─┬─┘┌───┐└─┬─┘├───┤└─┬─┘┌─┴─┐├───┤  │  ├───┤  │  ┌───┐┌───┐          └───┘  │         │         │  
q_4: ┤ H ├┤ H ├──┼──┤ T ├──■──┤ T ├──■──┤ H ├──┼──┤ X ├┤ H ├──┼──┤ T ├──┼──┤ T ├┤ T ├─────────────────┼─────────┼─────────┼──
     └───┘└───┘  │  ├───┤┌───┐└───┘     └───┘  │  └───┘└───┘┌─┴─┐└───┘┌─┴─┐├───┤└───┘                 │  ┌───┐┌─┴─┐┌───┐┌─┴─┐
q_5: ────────────■──┤ H ├┤ T ├─────────────────■────────────┤ X ├─────┤ X ├┤ T ├──────────────────────■──┤ H ├┤ X ├┤ T ├┤ X ├
                    └───┘└───┘                              └───┘     └───┘└───┘                         └───┘└───┘└───┘└───┘",
                    
0.38299643993377686,0.3838115930557251,-0.0008151531219482422,0.7238843637637112,0.575505256652832,0.62135553,0.6127869346216206,100.0,"[ 5.18969059e-01  5.56205332e-01  3.41860384e-01  4.16777998e-01
 -1.14460126e-01  5.54386675e-01  1.52520284e-01  8.38163853e-01
  8.48846316e-01 -9.57230031e-01 -1.23809502e-01  1.83790803e-01
 -6.88535392e-01 -8.74428689e-01 -7.97841072e-01 -6.59779757e-02
 -5.30557990e-01 -7.87688136e-01  2.66755044e-01  1.01349548e-01
 -4.77595568e-01  5.60985386e-01  7.49135017e-01  7.49135017e-01
 -3.19902599e-01  1.12969533e-01  1.94011535e-03 -5.73317766e-01
 -4.49856281e-01 -1.70922086e-01 -3.20902467e-02  3.74801725e-01
  5.16334027e-02  4.38418239e-02 -4.73415613e-01 -6.95164442e-01
 -2.14298293e-01  5.12866378e-01 -1.30512252e-01 -7.09365547e-01
 -7.21677899e-01  1.83412820e-01  8.14352781e-02 -1.28653035e-01
 -6.07680678e-01 -3.32060635e-01 -9.03569013e-02 -1.06122053e+00
 -1.32595646e+00  2.65752703e-01  8.76552522e-01 -3.99245739e-01
 -6.00799799e-01  9.00414944e-01 -2.40303442e-01 -1.38385668e-01
  1.18504986e-01  1.54486582e-01  9.87590700e-02  5.12033284e-01
  8.29878211e-01 -1.14076269e+00  7.13778377e-01 -8.22965801e-01
  5.50000787e-01  4.62834477e-01 -4.83620107e-01 -2.35371545e-01
 -4.66415882e-02  2.14713410e-01  3.63128603e-01  1.33886680e-01
  1.04712069e-01  1.91980824e-01  1.91821545e-01  3.76077563e-01
  1.82642311e-01  2.40585044e-01  3.12219799e-01 -5.60215525e-02
 -1.57546997e-02  1.07598796e-01  2.54371345e-01  6.31187320e-01
  5.20520926e-01  1.57935724e-01 -8.92307103e-01 -4.49330568e-01
 -1.89929143e-01 -2.81007946e-01  6.39097810e-01 -1.13032365e+00
 -1.09403268e-01  4.01508659e-01  7.49407411e-01  4.66914415e-01
  4.72417474e-01  3.98310810e-01  7.16983557e-01  5.50858974e-01
  5.78279376e-01  3.10489297e-01  5.45655012e-01  4.41826910e-01
  4.81187731e-01  4.75103110e-01  6.10341609e-01  7.05145359e-01
 -1.41240343e-01 -6.31159723e-01 -2.71566957e-01 -1.50327543e-02
 -6.17502723e-03  1.51267365e-01  1.09817594e-01  1.09689971e-02
  3.81313413e-02 -4.38090861e-01 -4.25423265e-01 -2.17767954e-01
  3.58062625e-01  1.76633596e-01 -3.85643616e-02  3.94937694e-01
  3.86908084e-01  2.41427705e-01  1.72284409e-01 -2.00609237e-01
 -2.83009887e-01 -2.56705493e-01 -4.40734029e-01 -4.08630073e-01
  2.22689316e-01 -5.61923862e-01 -4.93084460e-01 -7.85073280e-01
 -1.55326948e-01  1.02302089e-01 -5.44142187e-01  2.35834882e-01
  3.66857648e-01  1.08050182e-01  3.85828316e-01  1.90654561e-01
  3.71595740e-01  4.08150315e-01  6.59105852e-02 -4.82516408e-01
 -3.21531385e-01 -7.76353329e-02 -7.12774515e-01 -6.15840018e-01
 -9.03008461e-01 -6.70058727e-01 -8.19497526e-01 -7.26538301e-01
 -4.16241556e-01 -2.55305886e-01 -3.38918924e-01 -2.06402719e-01
  2.72796899e-02  5.02854824e-01  5.12153864e-01  4.47542638e-01
  2.63863772e-01 -9.29623395e-02 -4.45172012e-01 -8.57568920e-01
 -1.79613456e-01 -5.72126359e-02 -9.00282860e-01 -5.06358683e-01
 -9.87896085e-01 -5.38206637e-01 -1.01815498e+00 -4.25818264e-02
 -9.56464112e-01 -1.00527155e+00 -1.16516030e+00 -3.81564796e-01
 -5.00502288e-01 -6.96454585e-01 -2.68625736e-01 -7.24397972e-02
 -2.59642065e-01 -5.46399504e-02 -6.13835454e-01 -5.83210409e-01
 -4.45967197e-01 -7.68065810e-01 -3.98847044e-01 -4.05743837e-01
 -6.17068946e-01 -9.40205097e-01 -1.01395702e+00 -8.80457640e-01
  1.01289046e+00  6.88538969e-01  2.56883949e-01  3.41107726e-01
 -5.38389981e-02  6.95186257e-02 -6.40685678e-01  1.96043268e-01
 -1.11112170e-01  1.88548770e-03  3.99692655e-02  1.65704995e-01
 -1.57737911e-01 -1.67888737e+00  1.73096955e-01 -3.19384515e-01
  4.76270437e-01  2.57178485e-01  1.46181911e-01  5.13000190e-01
  2.49703005e-01  1.31695712e+00  6.15031898e-01 -1.71889752e-01
 -9.43475485e-01  3.03681910e-01 -3.27677011e-01 -3.53400081e-01
  2.71951407e-01  1.01027563e-01  6.68236852e-01  6.76684529e-02
 -9.00083959e-01 -6.57540783e-02  1.08874515e-01 -4.14605290e-02
  2.90646218e-04  4.50421900e-01 -6.15018189e-01 -1.78061351e-01
  5.72093427e-02 -1.03956819e-01  9.08964127e-02  1.08805016e-01
  1.26568943e-01 -6.64333533e-03 -2.59886593e-01 -3.75572950e-01
 -5.88184476e-01 -2.70915866e-01  7.58759916e-01  9.72167701e-02
  2.53057450e-01  2.68588454e-01  1.44617543e-01 -3.05297703e-01
 -4.60925281e-01 -5.38172126e-01 -6.25492156e-01  6.36209667e-01
  5.09850085e-01  7.07232893e-01 -3.30929905e-01  1.18413582e-01
 -3.94640565e-01  1.50871694e+00 -1.57421798e-01  2.51200050e-01
  1.84266686e+00  7.16095328e-01  1.07621872e+00  1.49451658e-01
  1.79781020e+00  4.59931374e-01 -7.70034432e-01  1.70318738e-01
  1.58638251e+00  4.64653552e-01 -8.20270717e-01  6.42103672e-01
  7.63827443e-01  8.86320293e-01  7.69608557e-01  7.99459934e-01
  6.22510552e-01  8.20563078e-01  8.28151166e-01  8.30044866e-01
  8.04861307e-01  6.23860002e-01  4.96723950e-01  1.56033441e-01
  7.56233037e-02 -1.91308126e-01  7.62481987e-01 -7.58787096e-02
 -4.65476438e-02  3.44074070e-02  1.02719855e+00 -5.66377282e-01
 -5.91292977e-01 -6.98065013e-02  9.93319154e-01  8.83711338e-01
 -4.03726667e-01  3.38902414e-01 -3.53909284e-01  4.27862942e-01
 -8.14669371e-01 -1.13177359e-01  3.73113513e-01 -4.58267272e-01
 -4.79987085e-01 -5.38821071e-02 -3.88415098e-01  6.26324024e-03
  1.22478694e-01 -2.62615025e-01  2.26193085e-01  1.54671776e+00
 -2.95122117e-02 -5.85107684e-01  9.81163144e-01 -1.45790398e-01
 -5.74245095e-01 -1.38825595e-01  3.65833864e-02 -3.46375287e-01
  7.67762601e-01 -1.19773901e+00  4.55177128e-01  2.14739703e-04
 -2.18623787e-01  7.91249275e-02 -7.92239700e-03 -5.71989268e-02
 -1.40915886e-01 -4.03968215e-01 -9.97482777e-01 -1.04648018e+00
 -8.66824985e-01  8.70815396e-01  1.95482388e-01 -3.23319972e-01
 -8.76766086e-01  2.04547986e-01 -1.26692557e+00 -8.36568773e-01
  5.09191602e-02 -6.70293212e-01 -4.85976115e-02 -4.17350903e-02
 -3.09835076e-01 -6.94515035e-02 -1.02273464e-01 -1.53438643e-01
 -1.13213368e-01 -3.14108849e-01  6.78705424e-02  1.38483420e-01
 -2.87487745e-01  3.50774825e-01  1.75187662e-01  3.95928055e-01
 -1.98099256e-01  7.82785267e-02  4.08632398e-01  1.51365861e-01
 -1.58099040e-01  2.83363521e-01  3.45139325e-01  5.16019106e-01
  4.16756868e-01  4.26357746e-01 -1.22881854e+00 -5.81050932e-01
 -9.45363700e-01 -8.02190304e-01 -6.51722908e-01 -1.71170011e-01
 -9.78390217e-01 -5.37540078e-01 -6.66663766e-01 -6.10416710e-01
 -4.69760507e-01 -3.21707964e-01 -3.40397239e-01  8.49012937e-03
  1.91423070e+00  5.06259620e-01  2.78703094e-01  6.88084126e-01
  5.65719724e-01 -3.32416773e-01  3.09716821e-01 -6.15073562e-01
 -3.01945567e-01 -6.66437745e-01 -7.40633070e-01 -8.51544142e-01
 -6.67130709e-01  8.77883613e-01 -1.01077959e-01  9.34041291e-02
 -1.21151805e+00 -1.05846986e-01 -2.08788559e-01  2.20978594e+00
  2.19209290e+00  2.71284729e-01  4.35159922e-01 -6.95418000e-01
 -7.88384438e-01 -6.86341107e-01  8.30188751e-01  3.79296750e-01
 -8.12260032e-01 -1.76741362e-01  1.29012421e-01  5.50324023e-01
  9.22033131e-01  3.05690527e-01 -3.24791819e-01 -3.51328522e-01
 -3.25187266e-01 -3.18439662e-01 -1.09035933e+00 -1.23699903e+00
 -4.05011594e-01 -6.38381660e-01 -1.16768742e+00 -7.59949207e-01
 -1.11687636e+00 -3.48943293e-01 -3.66485387e-01 -5.99990249e-01
 -3.22244227e-01 -2.68146425e-01 -5.84228635e-01 -5.81759214e-01
 -5.11103451e-01 -4.72092748e-01 -5.67514300e-01 -5.70405483e-01
 -6.12453461e-01 -7.65671313e-01 -5.94102740e-01 -2.59805977e-01
  5.47337681e-02  2.81690210e-02  6.99584037e-02  4.37363833e-02
 -1.16845325e-01  1.00809383e+00 -1.92345798e-01 -1.08472660e-01
  4.39221859e-01 -3.04389030e-01 -9.26128089e-01  3.16663265e-01
  1.03415132e-01  4.52054851e-02  1.59886670e+00  1.53470194e+00
  1.68630397e+00  1.61017835e+00  1.53470194e+00  1.05827868e+00
  9.90595222e-01  9.00296569e-01  8.57447207e-01  1.77074099e+00
  1.49823642e+00 -2.31313452e-01  1.78700566e-01 -2.44074225e-01
  8.22781324e-02 -4.98572528e-01  2.93894947e-01 -6.18316054e-01
 -3.18010092e-01 -8.54791641e-01  1.91550121e-01 -5.75724542e-01
  9.06662226e-01 -2.56834179e-02 -2.53235519e-01 -4.44076598e-01
 -3.16113889e-01  1.79314113e+00  5.66226959e-01  6.93845153e-01
  6.62702680e-01  1.74151266e+00  4.86454844e-01  4.56337601e-01
 -9.76989120e-02  4.61332798e-01  5.38010478e-01  2.80321360e-01
  7.99366057e-01  3.53167921e-01  4.65626925e-01 -7.96095133e-01
  2.84335434e-01  2.27015048e-01 -3.43618602e-01  7.10448742e-01
  4.64703590e-01  4.53824550e-02 -1.94298968e-01 -2.17850640e-01
 -2.04326883e-01 -2.31324270e-01  1.47121018e-02 -4.07193780e-01
  1.38507456e-01 -4.60630387e-01 -8.29292759e-02  5.76479316e-01
  5.51686645e-01  4.89873528e-01  4.55160439e-01  4.73732531e-01
 -4.37721461e-01  4.71893787e-01  3.74172866e-01 -6.32823110e-01
 -7.54007697e-01 -4.99234945e-01 -5.23205936e-01  2.39426628e-01
 -8.21615815e-01 -1.24564743e+00  5.07339954e-01 -3.42610240e-01
  1.94309905e-01 -3.42904508e-01 -5.12376904e-01 -1.18025637e+00
  4.36287791e-01  6.64320588e-01 -2.58421063e-01 -1.06383562e+00
  9.96330529e-02  3.40646327e-01 -7.34665871e-01  4.14386541e-02
  1.64228305e-01  4.15388525e-01 -4.50160384e-01 -1.37828779e+00
 -3.60082924e-01 -6.33870721e-01 -1.14885831e+00 -9.89124328e-02
 -1.77416891e-01  7.38451481e-01  7.81686723e-01  7.40385056e-01
  7.24421978e-01  2.24462941e-01  6.30347371e-01 -3.34163666e-01
 -2.99810052e-01  4.94694114e-01  7.73617208e-01  1.24332190e-01
  1.40402630e-01 -1.73951983e-01 -7.93854177e-01  4.39666003e-01
 -1.19531915e-01 -8.57169867e-01 -8.95464957e-01 -7.89488316e-01
 -8.30966353e-01 -6.28127277e-01 -6.31300092e-01 -1.84413999e-01
 -4.86758947e-02  1.03913471e-01 -2.58827329e-01 -1.07743874e-01
 -4.03665036e-01 -4.23042566e-01 -5.15456915e-01 -4.81633157e-01
 -3.76690686e-01 -5.55860519e-01 -4.14721847e-01 -5.38845301e-01
  1.86371282e-01  2.79042512e-01  4.58654314e-01  2.63346136e-01
  3.50959659e-01  4.23366725e-01  5.49126863e-01 -4.44820136e-01
  4.82515991e-01 -7.68455327e-01 -8.88169348e-01 -4.13169801e-01
 -5.24204731e-01 -3.01756144e-01 -1.07929423e-01 -9.63419795e-01
 -7.46606708e-01 -3.48180890e-01 -4.16424155e-01 -4.77218121e-01
 -2.27394283e-01 -1.94964409e-02 -3.16093653e-01 -8.38410258e-02
  1.92088649e-01 -8.43725204e-02  3.50300610e-01  5.86517036e-01
 -1.89131364e-01 -8.33171606e-01 -1.19795501e-01 -3.62926215e-01
 -1.58123255e-01  7.56152421e-02  4.89325881e-01  4.19451773e-01
  2.13754192e-01 -7.80279338e-02  1.02209583e-01 -2.84919441e-01
  9.61305141e-01  5.60313880e-01  8.34126025e-02 -1.01553822e+00
  8.92346025e-01  5.31746686e-01  5.76743484e-01 -3.19952190e-01
 -1.21733749e+00 -1.96467414e-01 -1.10940683e+00  2.98892081e-01
  3.99345219e-01  5.36545336e-01  3.19338053e-01  3.50352913e-01
  3.90450865e-01  2.83708006e-01 -6.13632619e-01 -7.03303874e-01
  1.24534130e+00  1.52941382e+00  1.73753917e+00 -3.91706288e-01
 -2.09765229e-03  1.30001888e-01  1.93302184e-01  8.49612653e-02
  3.14498723e-01 -6.30084395e-01 -6.02538407e-01 -7.52394795e-01
  3.50662112e-01  3.76457930e-01  4.57801402e-01 -5.30727923e-01
 -3.17106843e-01  1.68135613e-02 -5.20056039e-02 -4.77739513e-01
 -7.51106143e-01 -3.04376930e-01  4.05518532e-01  1.53634751e+00
  8.53298306e-02  2.06291422e-01 -5.19834012e-02  9.84145463e-01
  8.36285472e-01 -1.44191638e-01 -4.20183569e-01 -3.98107171e-02
  1.47896916e-01  6.16075546e-02  3.18324417e-01  7.35140622e-01
  5.31035006e-01 -8.13943297e-02 -2.15917185e-01 -1.90889254e-01
 -2.75329173e-01 -4.00059968e-01 -7.85195768e-01 -7.21918344e-01
 -6.49797559e-01  2.39989117e-01  2.49698356e-01  3.05355668e-01
 -3.82971823e-01  6.53769612e-01 -9.70283687e-01  2.40576878e-01
  3.72794032e-01  4.63968039e-01 -3.24251235e-01 -4.68292058e-01
  8.67933035e-01  3.39543641e-01 -9.98952270e-01 -5.82203388e-01
 -1.06504107e+00  2.03670716e+00 -1.15546989e+00  6.06184363e-01
 -7.64885843e-01 -3.93093377e-01 -4.48137403e-01 -2.78226525e-01
 -2.96925932e-01 -4.03105170e-01 -4.47743595e-01 -3.38978678e-01
 -3.10963631e-01 -8.34995031e-01  6.13141805e-02 -4.77123708e-02
  4.75027919e-01 -4.05479759e-01 -4.51339364e-01 -3.20886463e-01
 -8.57919753e-01 -7.87658453e-01 -7.95709848e-01 -3.19041312e-01
 -4.71647441e-01 -2.24955201e-01  9.25674438e-02  8.86707455e-02
  7.01808453e-01  5.30133009e-01  6.38095260e-01  8.92906189e-01
  9.01674390e-01  8.51358056e-01  3.73874396e-01 -5.83636403e-01
 -7.55780697e-01 -6.73054814e-01  1.68939993e-01  2.63061166e-01
  9.94291902e-01 -1.60307384e+00  1.22855413e+00 -4.67287958e-01
  1.10907328e+00 -6.13882720e-01 -5.70895553e-01 -6.01652622e-01
 -5.63034892e-01 -5.36299467e-01 -5.30253530e-01 -5.48672080e-01
 -5.63034892e-01 -6.90559983e-01 -1.23852670e-01 -5.93952537e-01
  3.70968193e-01  1.87750593e-01 -1.10257912e+00 -1.10598052e+00
 -1.07139301e+00  7.85523355e-01  8.48621011e-01 -1.24014175e+00
  5.08472502e-01  4.14226353e-01  2.92978406e-01  4.89367306e-01
 -5.34730911e-01 -7.41268873e-01 -6.27364814e-01  1.25135267e+00
  1.03039157e+00  3.84950101e-01 -9.45802808e-01  8.65797758e-01
  2.23794803e-01  1.54775918e-01 -3.31387579e-01 -3.87124419e-01
 -1.35608578e+00 -1.35608578e+00  9.44863200e-01  9.43403363e-01
  1.01579344e+00  5.76332748e-01  2.63329893e-01 -1.63154352e+00
 -1.49547970e+00  8.72479796e-01  5.60418785e-01  3.94822240e-01
  2.65168697e-02 -3.81254673e-01 -4.99439448e-01  3.98465991e-01
  8.38421881e-01  5.43288589e-01  5.64533293e-01  5.38463533e-01
  6.71373963e-01  6.59343123e-01 -5.30126393e-02 -8.15985024e-01
  2.70367801e-01 -4.09318149e-01  1.74599048e-03  5.09572685e-01
  6.12733305e-01  5.19815743e-01  5.63152194e-01  1.60911381e+00
  5.54008186e-01  1.99359983e-01 -3.49657238e-02 -2.28591070e-01
 -7.59717971e-02 -2.24459022e-02 -2.07400277e-01  1.49312124e-01
 -2.94359356e-01 -2.48370111e-01  2.48280451e-01 -1.87739506e-01
 -1.50841966e-01  9.01260749e-02  6.00429103e-02 -1.52907133e-01
  7.20053434e-01 -1.11286700e+00  2.03072093e-04  1.96475542e+00
 -3.39522272e-01  3.77599359e-01 -1.30872440e+00 -1.04986203e+00
 -1.21944988e+00 -2.82327384e-01 -2.98303127e-01  4.22465503e-01
  4.48832899e-01 -4.15598541e-01 -3.66559029e-01  6.44083619e-01
  6.22289240e-01  4.57736492e-01 -1.10409126e-01 -2.16827378e-01
 -4.13771868e-02 -5.41837066e-02  1.04842675e+00  1.61903620e+00
 -3.27161670e-01  2.63598740e-01  1.77901253e-01 -2.94765472e-01
 -3.49125117e-01 -3.31248969e-01 -4.89722669e-01 -3.19567859e-01
 -7.34028578e-01 -4.13928866e-01 -3.69242013e-01  6.58893466e-01
  5.94017506e-01  2.83292979e-02 -2.31806487e-02 -2.38069817e-01
 -2.73924530e-01 -3.37805361e-01 -2.38776818e-01 -5.11159956e-01
 -3.98260444e-01 -2.54920602e-01 -3.98412704e-01 -1.03436656e-01
  4.42264587e-01  3.84267628e-01  2.56572843e-01 -6.66473627e-01
 -3.60502899e-01  9.11353409e-01  9.17154849e-01 -6.44475102e-01
 -9.48331356e-01  5.91403961e-01  7.61501193e-01  8.14690292e-01
  7.30314493e-01  2.91678667e-01  4.06777766e-03  3.46252501e-01
  2.88903743e-01 -9.65025783e-01 -3.49003464e-01  6.65314436e-01
 -7.97558069e-01 -5.26323795e-01 -1.48649082e-01 -9.66419727e-02
 -3.78890812e-01 -2.34535486e-02 -3.23116004e-01 -2.47248337e-01
 -5.11762977e-01  1.09451032e+00  8.66992354e-01  5.52176774e-01
  3.73308361e-01  5.10043502e-01  1.66070595e-01  6.08545244e-02
 -1.78654585e-03  2.19666064e-01  1.26200035e-01  3.66578922e-02
  1.56640112e-02  6.15488946e-01  5.49338460e-01  2.98015893e-01
  2.60164797e-01]","[ 1.31616664e+00  1.27552319e+00  1.58034909e+00  1.93597901e+00
  2.39829803e+00  1.91057682e+00  3.25483114e-01  1.51938355e+00
  1.43809676e+00 -8.37934971e-01  3.66126508e-01 -5.12787640e-01
 -1.53395379e+00 -5.78833282e-01 -1.42218447e+00 -1.92514682e+00
 -1.15292180e+00 -1.42726481e+00 -8.60318020e-02 -6.95683122e-01
  7.52238929e-01 -3.60374928e-01 -3.01470216e-02 -6.57098666e-02
 -1.39678216e+00  1.26536214e+00  9.04651642e-01 -1.06147385e+00
 -1.24944985e+00  6.09987080e-01  1.34156883e+00  8.58928204e-01
 -2.11820292e+00 -1.49331033e+00 -1.47298872e+00 -4.53881696e-02
 -5.22948503e-01  3.08180638e-02  6.91273868e-01 -1.19356513e+00
 -1.07671523e+00  1.08246684e+00 -8.32854688e-01 -8.32854688e-01
  1.23996031e+00 -2.84168452e-01 -2.02881426e-01 -1.99627280e+00
 -1.30533457e+00 -4.82305080e-01 -3.14650983e-01 -1.46790826e+00
 -1.18848455e+00 -4.03078683e-02 -7.00763404e-01 -3.60374928e-01
 -4.51822549e-01  5.33780634e-01 -3.40053231e-01  5.54102302e-01
  3.00080895e-01 -1.43234527e+00  3.71206820e-01 -2.08264017e+00
  1.05198407e+00  1.03166234e+00 -1.82559729e-01 -5.53431034e-01
 -3.70535761e-01  7.82721519e-01  9.04651642e-01  1.27552319e+00
  6.96354389e-01 -6.75361454e-01 -5.58511555e-01 -3.14650983e-01
 -9.03980613e-01 -1.05131304e+00 -7.00763404e-01  8.53847682e-01
  7.87802041e-01  1.14343190e+00 -4.16259468e-01  7.82721519e-01
  5.64263165e-01  1.10786915e+00 -2.84168452e-01  5.08378386e-01
  1.97662234e+00  6.91273868e-01  2.17983937e+00 -1.78797519e+00
  2.34035254e-01  7.06515253e-01  1.67989627e-01  5.13458908e-01
  1.16375363e+00  1.98472410e-01 -4.03078683e-02  1.17185384e-01
 -1.36836037e-01 -4.82305080e-01  1.37713170e+00  6.65871620e-01
  5.99826217e-01  6.45549953e-01  5.99826217e-01  6.65871620e-01
  5.33780634e-01 -4.77224797e-01 -4.51822549e-01  1.47667930e-01
  1.83231011e-01  3.25483114e-01  5.62203042e-02  9.68636945e-02
  4.09789123e-02 -3.24811846e-01 -7.76969910e-01 -1.26675189e-01
  1.08754742e+00  1.27346233e-01  9.65617239e-01  8.03043187e-01
  4.22011048e-01  1.55769140e-02  5.38860917e-01 -1.49056287e-02
 -6.57098666e-02 -9.82532557e-03 -1.20880628e+00 -1.39678216e+00
  5.38860917e-01 -8.88739467e-01 -9.59865391e-01 -7.92211294e-01
  1.37507081e-01 -8.32854688e-01  1.01944238e-01 -7.71889627e-01
 -6.70280874e-01 -6.09315813e-01 -5.17868161e-01 -5.43270171e-01
 -7.10924268e-01 -4.56902862e-01  3.66126508e-01 -2.28283659e-01
 -3.09570432e-01  5.38860917e-01 -1.10211754e+00 -1.29009330e+00
 -9.44624007e-01 -1.03607190e+00 -1.29517376e+00 -7.71889627e-01
 -1.97801128e-01 -6.29637480e-01 -7.58707151e-02 -1.19356513e+00
 -1.17324340e+00 -3.40053231e-01  5.79504550e-01  1.52748480e-01
 -2.84168452e-01 -1.42218447e+00  1.01134074e+00 -1.02591097e+00
 -8.32854688e-01 -1.41202343e+00 -1.78797519e+00 -1.68128633e+00
 -1.86418164e+00 -1.84386003e+00 -1.53395379e+00 -1.38154089e+00
 -1.23420858e+00 -1.64572322e+00 -1.51363206e+00 -1.12243915e+00
 -3.40053231e-01 -8.63337219e-01 -7.56648242e-01 -6.19476676e-01
 -3.75616074e-01 -8.48096073e-01 -2.28283659e-01 -6.95683122e-01
 -9.34463143e-01 -9.80187118e-01 -9.70026255e-01 -2.48605356e-01
 -2.15376616e+00 -1.34089756e+00 -1.49839079e+00 -1.61524069e+00
  1.04690397e+00  2.07315040e+00  1.08246684e+00  7.14616925e-02
  1.36697102e+00  1.27552319e+00  1.16375363e+00  1.11294961e+00
  1.67179644e+00  6.55710757e-01  3.00080895e-01  1.67179644e+00
 -9.75106776e-01 -1.17324340e+00  5.11399992e-02 -2.63846755e-01
  6.04906559e-01 -4.16259468e-01  3.96609068e-01  7.87802041e-01
  6.15067422e-01  1.30092549e+00  4.57574129e-01  4.93137211e-01
  6.35389090e-01  4.11850214e-01 -1.80829704e+00 -1.11735868e+00
  8.84329975e-01  9.50375617e-01  8.28445435e-01  5.38860917e-01
 -4.92465943e-01  7.14616925e-02  1.52748480e-01 -2.28283659e-01
  4.09789123e-02  5.03298044e-01 -5.88994086e-01 -4.82305080e-01
 -6.09315813e-01 -9.80187118e-01 -9.49704528e-01 -6.60120070e-01
 -4.77224797e-01 -9.29382861e-01  3.86448205e-01 -1.36836037e-01
 -3.40053231e-01 -4.03078683e-02  6.25228226e-01  5.69343686e-01
  2.57377606e-02 -2.50664763e-02  6.96354389e-01 -2.02881426e-01
 -1.32565629e+00 -6.34718060e-01 -1.10211754e+00  4.88056690e-01
  1.16375363e+00  1.05706465e+00  3.55965674e-01  7.31917262e-01
 -9.14141476e-01  2.25604606e+00 -2.28283659e-01  2.84839481e-01
  2.12903523e+00  8.33525956e-01  1.11294961e+00  3.61045957e-01
  1.41777503e+00 -1.10211754e+00 -1.02083051e+00  3.30563426e-01
  3.86448205e-01  1.90041566e+00 -1.17832375e+00  2.57377606e-02
 -1.99861731e-02  1.57828778e-01  3.55965674e-01  4.82976377e-01
  2.08633259e-01 -2.28283659e-01  8.16225410e-02 -3.01470216e-02
  4.09789123e-02 -2.07961977e-01  3.50885123e-01 -4.36581165e-01
 -1.13260007e+00 -9.59865391e-01  1.07230628e+00  5.49021780e-01
  6.09987080e-01  9.17833894e-02  1.18407536e+00  1.02150178e+00
  1.21455812e+00  8.84329975e-01  1.03166234e+00  1.31108606e+00
  2.34035254e-01  3.15322280e-01 -1.21388686e+00 -1.01272956e-01
 -5.94074667e-01  1.55769140e-02  1.57828778e-01 -9.11121070e-02
  1.78150713e-01 -1.11735868e+00 -1.22404766e+00  4.11850214e-01
  3.91528517e-01 -4.01018322e-01  3.15322280e-01  2.24080443e+00
  9.14812744e-01 -5.43270171e-01  1.29584491e+00  7.31917262e-01
 -1.31755501e-01  1.27346233e-01  6.45549953e-01  5.41606639e-03
  1.13327134e+00 -1.48822999e+00  4.22011048e-01 -2.50664763e-02
 -5.73752701e-01 -9.11121070e-02 -2.38444507e-01  3.45804811e-01
  1.93391860e-01 -1.59999943e+00 -7.87130773e-01 -7.16004848e-01
 -1.23420858e+00  6.45549953e-01 -9.70026255e-01  2.79759198e-01
 -1.40186262e+00  3.58986072e-02 -7.41407037e-01 -2.15376616e+00
  1.42587632e-01 -7.71889627e-01  9.68636945e-02  2.39115804e-01
 -2.74007589e-01 -6.06295615e-02  1.67989627e-01  2.03552708e-01
  1.88311562e-01  2.84839481e-01  4.93137211e-01  3.30563426e-01
 -3.34972680e-01  3.45804811e-01  6.65871620e-01  4.06769902e-01
  1.57828778e-01  9.04651642e-01  5.64263165e-01 -1.02591097e+00
  9.09732223e-01  1.12311029e+00  8.08123708e-01 -6.09315813e-01
  3.30563426e-01 -3.24811846e-01 -1.65588403e+00 -2.16900754e+00
 -1.06655443e+00 -6.95683122e-01 -5.73752701e-01 -1.05131304e+00
 -8.07452440e-01 -7.31246233e-01 -6.19476676e-01 -6.39798343e-01
  3.25483114e-01  1.37507081e-01  1.32426783e-01 -1.52077183e-01
  2.10363317e+00  6.45549953e-01  8.53847682e-01  9.30053890e-01
  1.12105086e-01 -8.93819749e-01  1.32426783e-01 -3.65455240e-01
 -5.99154949e-01 -2.89248765e-01 -8.78578603e-01 -2.99409598e-01
 -4.36581165e-01  3.25483114e-01 -4.77224797e-01  3.96609068e-01
 -1.27485192e+00  4.62654680e-01  2.59437501e-01  2.68788218e+00
  2.29160881e+00  1.30092549e+00  1.20947754e+00 -6.65200591e-01
 -2.99409598e-01 -1.38662136e+00  1.58034909e+00  1.67179644e+00
 -3.80696625e-01  4.52493846e-01  7.16676116e-01  1.35680997e+00
  6.55710757e-01  2.59643483e+00  1.07230628e+00 -9.82532557e-03
  2.18794107e-01  6.04906559e-01 -3.01470216e-02 -1.16308260e+00
  5.74424028e-01  1.22265935e-01 -1.05639362e+00 -8.27774167e-01
 -1.20880628e+00 -9.80187118e-01 -6.75361454e-01 -8.07452440e-01
 -2.84168452e-01  1.01944238e-01 -1.04623270e+00 -1.26977146e+00
 -9.85267639e-01 -9.85267639e-01 -1.36629963e+00 -1.17832375e+00
 -1.09703696e+00 -1.66604495e+00  1.04690397e+00 -6.90602601e-01
  4.82976377e-01  2.23874405e-01  9.68636945e-02  2.59437501e-01
 -3.52273248e-02  1.18407536e+00 -1.18848455e+00 -6.44878864e-01
  1.27346233e-01 -4.72144246e-01  9.19893324e-01 -4.51822549e-01
 -4.56902862e-01 -7.61728764e-01  2.11887431e+00  2.27636766e+00
  1.78864658e+00  1.76324439e+00  1.74292266e+00  2.19000053e+00
  8.69088829e-01  2.08331132e+00  8.69088829e-01  8.79249930e-01
  1.17391467e+00  5.43941438e-01  3.55965674e-01 -2.63846755e-01
 -1.17324340e+00 -1.43234527e+00 -7.56648242e-01 -1.62238032e-01
 -1.09703696e+00 -4.82305080e-01  6.35389090e-01 -1.31549537e+00
  1.82420945e+00  4.82976377e-01  3.91528517e-01  7.14616925e-02
 -3.34972680e-01  1.56002688e+00  2.13713557e-01  2.44196102e-01
  2.59437501e-01  2.79965186e+00  1.47667930e-01  8.16225410e-02
 -9.44624007e-01 -1.62238032e-01  1.04963686e-02  5.13458908e-01
 -3.24811846e-01  5.41606639e-03 -8.60318020e-02 -9.61926505e-02
  7.06515253e-01 -2.43525058e-01 -4.82305080e-01  2.39115804e-01
  1.12105086e-01  7.77641177e-01 -3.09570432e-01  5.18539250e-01
 -5.38189888e-01 -2.33364210e-01  2.57377606e-02  3.71206820e-01
 -9.14141476e-01  8.08123708e-01 -2.28283659e-01 -1.49056287e-02
  1.07024543e-01  2.15443707e+00  2.06298971e+00 -1.34089756e+00
 -8.63337219e-01  8.38606536e-01  4.57574129e-01 -6.90602601e-01
 -1.05639362e+00 -1.50855160e+00 -3.50214064e-01 -8.88739467e-01
 -9.85267639e-01 -9.09061193e-01 -7.58707151e-02 -3.75616074e-01
  7.65419975e-02 -2.07961977e-01 -4.74478118e-03 -3.60374928e-01
 -6.49959207e-01  1.78150713e-01  4.47413296e-01  1.73070163e-01
  5.11399992e-02  9.17833894e-02 -8.68417799e-01  3.76287371e-01
  3.58986072e-02  1.05198407e+00 -8.32854688e-01 -1.69652760e+00
  5.59182882e-01 -2.00135326e+00 -1.91498590e+00 -2.68927068e-01
 -1.46996886e-01  7.52238929e-01  3.71206820e-01  9.19893324e-01
  2.23874405e-01  1.57828778e-01  1.70735979e+00  1.01944238e-01
  8.58928204e-01 -2.99409598e-01  4.09789123e-02 -1.34089756e+00
 -9.90347922e-01 -1.07163477e+00 -1.77273393e+00  5.08378386e-01
 -2.33364210e-01 -1.84894037e+00 -1.66096449e+00 -1.05639362e+00
 -1.32565629e+00 -8.88739467e-01 -7.10924268e-01 -6.29637480e-01
  3.86448205e-01  7.16676116e-01  1.83231011e-01  1.54986632e+00
  1.01134074e+00  9.30053890e-01  6.86193585e-01  7.01434731e-01
  4.88056690e-01  1.07024543e-01  9.80858386e-01  1.00118005e+00
  4.22011048e-01 -1.87640280e-01  6.15067422e-01 -4.74478118e-03
  6.55710757e-01  1.88311562e-01 -1.31755501e-01 -1.25961065e+00
  1.04963686e-02 -1.26469111e+00 -4.82305080e-01 -1.77479431e-01
 -9.82532557e-03  6.63811490e-02 -4.56902862e-01 -1.38154089e+00
 -7.92211294e-01 -5.17868161e-01 -5.17868161e-01  1.52748480e-01
 -2.15884638e+00 -1.29009330e+00 -1.37646055e+00 -1.43742573e+00
 -9.61926505e-02 -1.35613883e+00 -7.36326516e-01  1.11802971e+00
 -1.09195638e+00 -9.44624007e-01 -4.92465943e-01 -7.21085370e-01
 -3.75616074e-01  1.51938355e+00  1.01134074e+00  5.99826217e-01
 -1.31755501e-01  5.79504550e-01 -4.74478118e-03 -2.48605356e-01
  8.58928204e-01  5.33780634e-01  8.33525956e-01 -5.94074667e-01
  3.50885123e-01  8.13204288e-01  9.40214992e-01 -4.11179155e-01
 -5.53431034e-01 -4.01018322e-01 -8.07452440e-01  1.46857953e+00
  1.42793620e+00  1.46857953e+00  1.49398184e+00  1.10786915e+00
  8.64008248e-01  2.24080443e+00  4.67734993e-01 -1.01066959e+00
  7.77641177e-01  5.99826217e-01  3.05161417e-01  3.00080895e-01
 -3.60374928e-01 -7.05843985e-01 -5.02626777e-01 -9.61926505e-02
 -1.03099132e+00 -1.49839079e+00 -8.60318020e-02 -1.08687615e+00
  3.05161417e-01  5.54102302e-01  1.08754742e+00  6.45549953e-01
  3.86448205e-01  4.67734993e-01 -1.87640280e-01 -7.46487379e-01
 -1.20880628e+00 -9.82532557e-03  1.55769140e-02  3.00080895e-01
  3.45804811e-01  5.79504550e-01  3.86448205e-01  1.46857953e+00
  1.30600548e+00 -1.26469111e+00 -1.20372593e+00 -9.54784870e-01
 -4.26420301e-01 -6.55039728e-01 -2.99409598e-01  9.68636945e-02
 -1.18848455e+00 -7.71889627e-01 -8.60318020e-02  1.98472410e-01
  3.05161417e-01  4.57574129e-01  3.35521385e-04  1.67989627e-01
  1.47667930e-01  7.06515253e-01 -3.34972680e-01  1.67989627e-01
 -1.58475816e+00 -1.87640280e-01 -4.74478118e-03  1.27346233e-01
  5.62203042e-02  5.11399992e-02 -8.78578603e-01 -6.09315813e-01
  7.87802041e-01  5.03298044e-01 -1.06655443e+00 -1.17324340e+00
 -1.36121929e+00  1.72260094e+00 -3.90857458e-01  5.41606639e-03
 -6.95683122e-01 -6.49959207e-01 -6.80441737e-01 -1.06147385e+00
 -9.70026255e-01 -5.99154949e-01 -3.14650983e-01 -7.87130773e-01
 -8.17613304e-01 -1.24944985e+00 -3.29892129e-01 -3.80696625e-01
 -3.60374928e-01  4.22011048e-01 -2.18122825e-01 -2.13042513e-01
 -8.68417799e-01 -6.60120070e-01 -7.71889627e-01 -7.26165652e-01
 -7.76969910e-01 -6.80441737e-01  8.28445435e-01  4.11850214e-01
 -6.90602601e-01  1.04963686e-02 -5.17868161e-01  9.60536718e-01
  4.77895826e-01  8.58928204e-01  5.38860917e-01 -2.58766204e-01
 -6.65200591e-01 -8.73498082e-01 -2.48605356e-01 -3.40053231e-01
  6.65871620e-01 -1.82353830e+00  7.31917262e-01 -6.34718060e-01
  4.47413296e-01  3.76287371e-01 -5.63591897e-01 -1.03099132e+00
  1.31616664e+00 -6.90602601e-01  4.32172149e-01  5.74424028e-01
 -1.57157734e-01 -5.07707357e-01 -3.09570432e-01 -1.54411471e+00
  9.50375617e-01  2.47958469e+00  3.00080895e-01 -1.31755501e-01
  3.00080895e-01 -5.28029025e-01 -6.80441737e-01 -9.19221997e-01
  1.66163588e+00  9.96099532e-01 -3.60374928e-01 -6.55039728e-01
  1.47667930e-01 -1.70668840e+00 -9.59865391e-01  3.96609068e-01
  2.08839202e+00  3.76287371e-01 -1.88450336e+00  2.08839202e+00
  1.98472410e-01  3.08180638e-02 -1.00050879e+00 -9.34463143e-01
 -9.64945734e-01 -6.39798343e-01  7.67480373e-01  9.04651642e-01
  6.35389090e-01  6.55710757e-01  4.88056690e-01 -4.82305080e-01
 -5.12787640e-01  1.91057682e+00  5.23619771e-01  3.61045957e-01
 -6.06295615e-02  4.60594557e-02 -1.03099132e+00  6.35389090e-01
  1.18407536e+00  9.55456138e-01  5.79504550e-01  1.39237285e+00
  1.27552319e+00  1.06722569e+00 -5.38189888e-01  1.67179644e+00
 -5.22948503e-01 -6.34718060e-01 -8.88739467e-01  1.97662234e+00
  2.02742648e+00  1.74800324e+00  1.46857953e+00  5.54102302e-01
 -4.36581165e-01  4.62654680e-01  3.10241729e-01 -9.49704528e-01
  3.50885123e-01 -8.12533021e-01 -7.21085370e-01 -8.68417799e-01
 -9.59865391e-01 -7.10924268e-01 -1.43234527e+00  3.86448205e-01
 -1.56951690e+00 -3.80696625e-01 -7.36326516e-01 -9.49704528e-01
  6.30308807e-01 -1.48314953e+00 -1.00050879e+00  1.11294961e+00
 -5.99154949e-01  4.88056690e-01 -2.84168452e-01 -4.53881696e-02
 -1.49331033e+00  3.35521385e-04 -9.95428503e-01  4.37252432e-01
  4.82976377e-01  4.09789123e-02 -3.55294377e-01  6.76032484e-01
  5.43941438e-01  9.65617239e-01 -9.19221997e-01 -6.55039728e-01
 -3.70535761e-01 -2.07961977e-01 -5.55490181e-02  8.84329975e-01
  2.57377606e-02  3.58986072e-02  6.91273868e-01 -8.88739467e-01
 -6.85522258e-01 -5.73752701e-01 -9.64945734e-01 -8.07452440e-01
 -5.38189888e-01 -1.20372593e+00 -8.98900330e-01  4.82976377e-01
  5.33780634e-01  3.20402563e-01 -1.73209047e+00 -7.36326516e-01
 -7.56648242e-01 -8.68417799e-01 -7.56648242e-01 -1.04623270e+00
 -4.92465943e-01 -5.12787640e-01 -5.63591897e-01 -6.80441737e-01
 -1.21594645e-01  9.19893324e-01 -2.48605356e-01 -2.17916822e+00
 -1.75241220e+00  1.47667930e-01  4.60594557e-02 -1.23420858e+00
 -2.05215764e+00 -4.53881696e-02  1.04963686e-02  1.93391860e-01
  7.82721519e-01 -6.65200591e-01 -6.65200591e-01  4.62654680e-01
  1.88311562e-01 -1.63556230e+00 -6.49959207e-01  1.13327134e+00
  1.21455812e+00 -8.48096073e-01 -5.83913565e-01 -8.48096073e-01
 -8.32854688e-01  3.81367654e-01 -5.48350751e-01 -1.99861731e-02
  6.63811490e-02  1.93089843e+00  1.82420945e+00  1.82420945e+00
  1.46857953e+00  1.97154188e+00 -8.63337219e-01 -1.46996886e-01
 -1.26675189e-01 -7.07904100e-02  6.65871620e-01 -1.72398880e-01
 -4.53881696e-02  2.19000053e+00  1.05706465e+00  1.39237285e+00
  6.25228226e-01]","[[ 1.6226348  -2.438927   -0.5301489  ... -0.9281977  -2.630218
   1.7189149 ]
 [ 1.4618763  -2.250227   -0.59350944 ... -0.91346675 -2.3493075
   2.2611327 ]
 [ 1.8394171  -3.6227012  -0.9196739  ...  3.8626556  -1.8897375
  -0.55386126]
 ...
 [-4.664351    1.8181652  -1.5571866  ...  5.6721306  -1.2949312
  -0.8685295 ]
 [ 1.2445036   1.3484021  -0.13632932 ...  0.01980948 -1.0761145
  -1.3321803 ]
 [ 2.4244406  -1.6469027  -1.3615397  ... -0.8510964  -1.5917313
   0.43292487]]",[],[]
16,

"                    ┌───┐┌───┐                    ┌───┐┌───┐                              ┌───┐          ┌───┐┌───┐     ┌───┐┌───┐          ┌───┐┌───┐┌───┐                    
q_0: ────────────■──┤ H ├┤ H ├────────────────────┤ X ├┤ T ├──────────────────────────────┤ X ├──■───────┤ X ├┤ T ├─────┤ X ├┤ X ├──■───────┤ X ├┤ T ├┤ T ├─────────────────■──
          ┌───┐  │  ├───┤└───┘                    └─┬─┘├───┤               ┌───┐┌───┐┌───┐└─┬─┘┌─┴─┐┌───┐└─┬─┘├───┤     └─┬─┘└─┬─┘  │       └─┬─┘└───┘├───┤┌───┐          ┌─┴─┐
q_1: ─────┤ X ├──┼──┤ T ├───────────────────────────┼──┤ X ├───────■───────┤ X ├┤ X ├┤ T ├──┼──┤ X ├┤ H ├──┼──┤ X ├───────┼────■────┼────■────┼────■──┤ T ├┤ T ├───────■──┤ X ├
     ┌───┐└─┬─┘  │  └───┘┌───┐┌───┐┌───┐┌───┐       │  └─┬─┘┌───┐  │  ┌───┐└─┬─┘└─┬─┘├───┤  │  ├───┤└───┘  │  └─┬─┘       │       ┌─┴─┐┌─┴─┐  │  ┌─┴─┐├───┤└───┘┌───┐  │  └───┘
q_2: ┤ H ├──┼────┼───────┤ X ├┤ H ├┤ H ├┤ H ├──■────■────┼──┤ H ├──┼──┤ H ├──┼────■──┤ T ├──┼──┤ X ├───────┼────┼─────────┼───────┤ X ├┤ X ├──┼──┤ X ├┤ H ├──■──┤ X ├──┼───────
     ├───┤  │    │  ┌───┐└─┬─┘└───┘└───┘└───┘  │         │  └───┘  │  └───┘  │       └───┘  │  └─┬─┘┌───┐  │    │  ┌───┐  │  ┌───┐└───┘└───┘  │  └───┘└───┘  │  └─┬─┘  │       
q_3: ┤ H ├──┼────┼──┤ T ├──┼───────────────────┼─────────┼────■────┼─────────┼──────────────┼────■──┤ H ├──■────┼──┤ T ├──┼──┤ X ├────────────┼──────────────┼────■────┼───────
     ├───┤  │  ┌─┴─┐└───┘  │  ┌───┐┌───┐┌───┐  │  ┌───┐  │  ┌─┴─┐  │  ┌───┐  │  ┌───┐       │       └───┘       │  ├───┤  │  └─┬─┘            │              │       ┌─┴─┐┌───┐
q_4: ┤ T ├──┼──┤ X ├───────■──┤ T ├┤ T ├┤ H ├──┼──┤ H ├──┼──┤ X ├──┼──┤ T ├──┼──┤ H ├───────┼───────────────────■──┤ T ├──┼────┼──────────────■──────────────┼───────┤ X ├┤ H ├
     └───┘  │  ├───┤          └───┘└───┘└───┘┌─┴─┐└───┘  │  └───┘┌─┴─┐└───┘  │  ├───┤       │                      └───┘  │    │                           ┌─┴─┐     └───┘└───┘
q_5: ───────■──┤ T ├─────────────────────────┤ X ├───────■───────┤ X ├───────■──┤ H ├───────■─────────────────────────────■────■───────────────────────────┤ X ├───────────────
               └───┘                         └───┘               └───┘          └───┘                                                                      └───┘               ",
               
0.38274842500686646,0.3838115930557251,-0.0010631680488586426,0.7240298439403097,0.578128457069397,0.6212487,0.6103080520452395,100.0,"[ 5.14831841e-01  5.27091920e-01  3.88681054e-01  3.88554394e-01
 -7.41021559e-02  4.99831855e-01  1.55682057e-01  8.38250816e-01
  8.24972689e-01 -1.01624584e+00 -1.19308628e-01  1.74085841e-01
 -7.53813446e-01 -8.40378702e-01 -8.02615941e-01 -9.54162553e-02
 -5.43368518e-01 -8.29737067e-01  2.44919136e-01  8.25804397e-02
 -4.50439841e-01  5.51510751e-01  7.29841411e-01  7.29841411e-01
 -3.28140080e-01  9.07925237e-03 -1.45853567e-03 -5.30564487e-01
 -4.65404928e-01 -1.91866994e-01  1.97985079e-02  3.97268176e-01
  3.55743058e-02  6.50554523e-02 -4.77086991e-01 -7.65041649e-01
 -1.96152046e-01  4.88671988e-01 -1.81833640e-01 -7.73799717e-01
 -7.61727214e-01  1.60078853e-01  7.75364563e-02 -7.98038319e-02
 -5.33048987e-01 -3.13188255e-01 -1.73012633e-02 -1.09589517e+00
 -1.37168360e+00  2.38836482e-01  8.70647848e-01 -4.38523889e-01
 -5.81749976e-01  9.20999825e-01 -2.66764224e-01 -1.40816882e-01
  1.15982287e-01  1.32727161e-01  1.32908747e-01  4.91466820e-01
  8.81920815e-01 -1.20558143e+00  6.85441315e-01 -8.30280244e-01
  5.90470493e-01  4.98293549e-01 -4.25966918e-01 -2.39120841e-01
 -4.78912704e-02  1.70509592e-01  3.58584404e-01  1.19421311e-01
  5.91077246e-02  1.75640598e-01  1.75457254e-01  3.55500281e-01
  1.91890776e-01  2.11816773e-01  2.83441842e-01 -6.81011230e-02
  1.95204224e-02  7.76056871e-02  2.52947718e-01  6.48112953e-01
  4.98342961e-01  1.30505040e-01 -8.95854533e-01 -3.75214905e-01
 -6.22480176e-02 -3.19773793e-01  6.46103919e-01 -1.15762055e+00
 -1.54298410e-01  3.88839394e-01  7.34156728e-01  4.87910092e-01
  4.80475783e-01  4.29456294e-01  7.01888084e-01  5.25452852e-01
  5.89263022e-01  2.91600764e-01  5.62471628e-01  4.24856842e-01
  4.34143990e-01  5.28678000e-01  6.41725838e-01  6.67773545e-01
 -1.26017943e-01 -6.20233774e-01 -2.96594620e-01 -4.16741800e-03
  1.73103120e-02  1.54383540e-01  1.15124933e-01  2.82828119e-02
  5.74585982e-02 -5.12340009e-01 -5.01897275e-01 -1.89584091e-01
  3.20716828e-01  1.07556753e-01 -7.88609264e-04  3.93024683e-01
  3.21662247e-01  2.84826577e-01  2.26508871e-01 -2.05440432e-01
 -3.30035567e-01 -2.99657732e-01 -5.08576572e-01 -4.76035684e-01
  2.03673854e-01 -6.26889825e-01 -5.38158059e-01 -6.81807101e-01
 -1.54447570e-01  5.95053323e-02 -5.49894750e-01  3.23727250e-01
  3.62792253e-01  1.56560108e-01  3.40643466e-01  2.33314022e-01
  3.28762025e-01  3.72144967e-01  8.52889791e-02 -4.57865447e-01
 -3.17690104e-01 -6.68447390e-02 -6.82159543e-01 -6.03436172e-01
 -8.47289264e-01 -5.88570654e-01 -8.23001087e-01 -6.70959175e-01
 -4.86992955e-01 -3.50423604e-01 -3.53027850e-01 -1.80863202e-01
  2.01977845e-02  5.25361538e-01  5.94528198e-01  4.59106326e-01
  3.51268232e-01 -1.17713191e-01 -3.95178676e-01 -8.55898798e-01
 -2.08558708e-01 -7.48811439e-02 -9.34911668e-01 -5.66400707e-01
 -9.38629329e-01 -5.58267295e-01 -9.66597378e-01  5.19042136e-04
 -9.31231439e-01 -1.02257276e+00 -1.15045977e+00 -3.83533478e-01
 -5.13916969e-01 -7.02820182e-01 -2.93236673e-01 -3.54544036e-02
 -2.00335369e-01 -2.79551242e-02 -5.82245529e-01 -5.98887503e-01
 -4.60541636e-01 -7.21935630e-01 -4.02799815e-01 -3.91676396e-01
 -6.50838196e-01 -9.55689132e-01 -9.79539692e-01 -7.68364787e-01
  1.00887990e+00  7.02539623e-01  2.41143897e-01  2.84110069e-01
 -7.96771869e-02  2.15492304e-02 -6.49786294e-01  1.51059613e-01
 -1.33060604e-01 -1.75593738e-02 -3.98702212e-02  1.38540968e-01
 -1.63507596e-01 -1.69124019e+00  2.17250541e-01 -3.46215844e-01
  4.35464919e-01  1.99800804e-01  1.54702112e-01  4.05153900e-01
  1.76154211e-01  1.34156597e+00  6.45837605e-01 -2.04431161e-01
 -9.75773990e-01  3.48463386e-01 -3.17757875e-01 -3.46285224e-01
  1.87256947e-01 -1.52302790e-03  6.05737448e-01  1.00475840e-01
 -8.91705692e-01 -4.17554826e-02  1.48083791e-01 -1.03940524e-01
 -2.69491617e-02  3.82805705e-01 -6.22038841e-01 -1.48525208e-01
  9.35168341e-02 -1.31221712e-01  9.32701677e-02  4.81448658e-02
  1.54855475e-01  3.19153294e-02 -2.65062124e-01 -3.77355158e-01
 -5.89700401e-01 -2.62492746e-01  7.23490536e-01  1.01600200e-01
  2.21642539e-01  2.21579179e-01  1.56165436e-01 -2.83012807e-01
 -4.89746213e-01 -5.04269719e-01 -6.20440781e-01  5.86264193e-01
  4.79048431e-01  6.11161470e-01 -3.40400547e-01  1.69365585e-01
 -3.08112353e-01  1.51830101e+00 -1.90945491e-01  2.09857941e-01
  1.77900720e+00  6.82248712e-01  1.03680778e+00  1.16817139e-01
  1.68880379e+00  4.55964148e-01 -7.51717210e-01  1.66404769e-01
  1.50838947e+00  4.95695889e-01 -8.11692774e-01  6.67460740e-01
  8.62234235e-01  8.02276194e-01  7.53115177e-01  7.79825330e-01
  5.42731047e-01  8.60509336e-01  7.96411455e-01  7.98360765e-01
  7.73647487e-01  5.36781549e-01  4.82357442e-01  1.75865576e-01
  1.14641346e-01 -1.94888607e-01  7.77806044e-01 -6.85117543e-02
 -5.81793301e-02  3.36366482e-02  1.04168546e+00 -5.91244519e-01
 -6.23197675e-01 -7.19606355e-02  1.00109005e+00  8.76189649e-01
 -4.12819088e-01  3.34399551e-01 -3.44834208e-01  4.73403096e-01
 -8.02778423e-01 -1.89223830e-02  3.71440470e-01 -4.93049651e-01
 -5.15581906e-01 -8.63931403e-02 -4.91486728e-01  1.63704362e-02
  9.18591097e-02 -2.42162064e-01  2.90677160e-01  1.61132038e+00
 -7.73687139e-02 -5.92467010e-01  9.04267192e-01 -1.14986859e-01
 -6.12205923e-01 -1.19269498e-01 -2.54470203e-02 -3.36486638e-01
  7.57843256e-01 -1.27902079e+00  5.05761385e-01  9.56405625e-02
 -2.02364877e-01  1.34272680e-01 -2.50337217e-02 -1.47328481e-01
 -1.82013541e-01 -3.99835825e-01 -9.63378608e-01 -9.74058270e-01
 -8.06570053e-01  8.75935912e-01  1.55396000e-01 -2.83215493e-01
 -8.67032111e-01  1.63749978e-01 -1.29279208e+00 -8.38407934e-01
  4.06764708e-02 -6.50881290e-01  4.09454294e-02 -1.04440413e-01
 -2.11744830e-01 -1.04112767e-01 -1.08317733e-01 -1.34416267e-01
 -1.70102432e-01 -1.97377786e-01  1.19810142e-01  1.76940948e-01
 -2.77524412e-01  4.13374245e-01  3.38267833e-01  4.74937171e-01
 -2.32065842e-01  4.37779613e-02  4.39847410e-01  1.56121716e-01
 -1.49419785e-01  2.39063308e-01  3.43508065e-01  4.44809705e-01
  4.19153363e-01  4.20652986e-01 -1.19469368e+00 -5.59651554e-01
 -8.39676321e-01 -8.27908099e-01 -6.23477399e-01 -1.45107523e-01
 -1.03544998e+00 -5.97549081e-01 -6.76461160e-01 -6.13320649e-01
 -4.76352811e-01 -2.91143745e-01 -2.16917560e-01  7.93546364e-02
  1.90227401e+00  4.62741703e-01  2.82557726e-01  6.78651392e-01
  4.51216519e-01 -3.43354374e-01  3.25979501e-01 -6.39918149e-01
 -3.24350715e-01 -6.51968479e-01 -7.77316749e-01 -8.70578706e-01
 -6.69789732e-01  9.00608182e-01 -1.07119210e-01  7.68447146e-02
 -1.23000157e+00 -1.31311014e-01 -2.36809626e-01  2.16695642e+00
  2.15438461e+00  1.64493307e-01  3.25904697e-01 -6.52273238e-01
 -8.27521503e-01 -6.89163089e-01  8.56136441e-01  4.06511188e-01
 -8.83629739e-01 -1.74832240e-01  1.53628573e-01  5.34851730e-01
  9.31987464e-01  3.15995127e-01 -3.47127587e-01 -3.46020877e-01
 -3.08937252e-01 -2.82296300e-01 -1.08482802e+00 -1.20821977e+00
 -4.62058783e-01 -7.26742089e-01 -1.15696251e+00 -7.88082421e-01
 -1.14413726e+00 -3.57609838e-01 -3.52441728e-01 -6.07607901e-01
 -3.24290872e-01 -3.05857241e-01 -5.68922758e-01 -6.16844535e-01
 -5.51976144e-01 -4.84685272e-01 -5.74584126e-01 -6.23831987e-01
 -6.19321883e-01 -7.85502732e-01 -6.20391548e-01 -2.64403820e-01
  4.33873422e-02  4.42269929e-02  5.13929017e-02  8.50468203e-02
 -1.32493064e-01  9.32739079e-01 -2.45617375e-01 -1.01514257e-01
  4.45616961e-01 -3.10948431e-01 -8.70245636e-01  2.50371635e-01
  1.27753511e-01  8.27794196e-04  1.65299833e+00  1.51938152e+00
  1.69387996e+00  1.66278386e+00  1.51938152e+00  1.06314361e+00
  1.00134993e+00  9.11963284e-01  8.38123083e-01  1.74659514e+00
  1.53793979e+00 -2.48961255e-01  1.88439712e-01 -2.62447119e-01
  7.20125660e-02 -5.37042141e-01  3.70633572e-01 -5.60651302e-01
 -2.77080774e-01 -7.77203202e-01  2.21648857e-01 -5.75488746e-01
  9.42408502e-01 -1.44407107e-02 -2.75785983e-01 -4.43042904e-01
 -3.14473718e-01  1.78760219e+00  5.97610772e-01  6.38486147e-01
  6.81310892e-01  1.71186280e+00  5.50805211e-01  4.59700376e-01
 -7.35370293e-02  4.98161376e-01  5.48587143e-01  3.21032584e-01
  8.08827102e-01  3.65408063e-01  5.14312983e-01 -8.66621912e-01
  3.24382693e-01  2.76178956e-01 -2.69480795e-01  7.74800718e-01
  4.15595293e-01  8.49433467e-02 -1.30892500e-01 -2.16548145e-01
 -1.95820674e-01 -1.47474661e-01  4.20025475e-02 -4.18668509e-01
  1.52855918e-01 -4.36295867e-01 -6.20003715e-02  5.31251848e-01
  5.51611423e-01  4.87421662e-01  4.54297334e-01  4.20398116e-01
 -3.97234201e-01  4.72005963e-01  3.54240447e-01 -6.84047520e-01
 -6.98176682e-01 -5.26790023e-01 -5.57427466e-01  1.43896416e-01
 -8.54813337e-01 -1.29270494e+00  4.54295963e-01 -2.76848078e-01
  1.92852065e-01 -3.15028727e-01 -4.34626341e-01 -1.13417292e+00
  4.37562585e-01  6.61816597e-01 -2.46965796e-01 -1.03605235e+00
  1.64129332e-01  4.00883853e-01 -6.78299785e-01  4.47766967e-02
  1.64793387e-01  3.93514931e-01 -4.40069079e-01 -1.44127202e+00
 -3.78154874e-01 -6.42095387e-01 -1.20118451e+00 -1.40951857e-01
 -1.45308182e-01  8.63398612e-01  8.42744648e-01  8.47824514e-01
  7.70591378e-01  2.88542271e-01  6.03120506e-01 -2.83448756e-01
 -3.00916553e-01  5.16883910e-01  8.12719762e-01  1.44869387e-01
  1.53013736e-01 -1.75080508e-01 -7.90774524e-01  3.56467456e-01
 -9.95113980e-03 -8.92262876e-01 -8.79950225e-01 -7.41312802e-01
 -8.01814497e-01 -6.71275020e-01 -6.83187902e-01 -2.55880713e-01
 -4.76452224e-02  1.36302084e-01 -2.85224080e-01 -1.08099855e-01
 -4.23902690e-01 -4.12058681e-01 -5.27681530e-01 -4.80374485e-01
 -4.06186849e-01 -5.81121206e-01 -4.01918292e-01 -5.16926348e-01
  1.99283153e-01  3.75188947e-01  4.75620627e-01  2.34661236e-01
  3.08150053e-01  4.42680120e-01  6.56902850e-01 -4.04612094e-01
  5.86922765e-01 -7.68508792e-01 -8.67796421e-01 -4.61544901e-01
 -5.73212385e-01 -3.55005205e-01 -9.54871252e-02 -9.70379412e-01
 -7.41308570e-01 -4.45769340e-01 -4.85404015e-01 -5.41138947e-01
 -2.45023593e-01  9.36947092e-02 -2.57069975e-01 -4.58192192e-02
  1.57593742e-01 -2.10190821e-03  3.49581748e-01  5.71069539e-01
 -2.48316586e-01 -9.24445987e-01 -1.63086265e-01 -3.17193151e-01
 -1.59667060e-01  8.55634511e-02  4.58404273e-01  3.89982581e-01
  2.19306573e-01 -9.73668620e-02  1.56106278e-01 -2.76073277e-01
  9.52845931e-01  5.38759232e-01  5.10344096e-02 -9.97864544e-01
  8.61096442e-01  5.38816929e-01  5.79461515e-01 -3.49413782e-01
 -1.16257131e+00 -1.90856382e-01 -1.05420780e+00  3.15967321e-01
  4.31515992e-01  5.27409434e-01  3.48540008e-01  3.77411246e-01
  3.65978390e-01  2.65654832e-01 -5.81501424e-01 -6.57083631e-01
  1.25863576e+00  1.54712963e+00  1.77238321e+00 -3.81362140e-01
  2.68007424e-02  1.66652083e-01  2.08376989e-01  1.24292262e-01
  3.34463298e-01 -6.54609740e-01 -5.89705586e-01 -7.46638954e-01
  2.84294248e-01  3.35110962e-01  4.58802402e-01 -5.48993289e-01
 -3.70027840e-01 -3.70673351e-02  8.34483281e-02 -4.85671908e-01
 -7.08586872e-01 -3.70687783e-01  3.80865842e-01  1.55513954e+00
  4.31140698e-02  2.91102856e-01 -2.68239472e-02  9.68817592e-01
  8.71161759e-01 -1.51522189e-01 -3.76250297e-01  2.33061966e-02
  2.13044330e-01  1.31754056e-01  3.52177233e-01  7.36166596e-01
  5.28973818e-01 -7.49035552e-02 -1.99644759e-01 -1.84397131e-01
 -2.86275506e-01 -3.52828860e-01 -7.53473282e-01 -5.67092657e-01
 -5.31689584e-01  2.26711899e-01  2.39939556e-01  2.82119334e-01
 -3.41043025e-01  5.82754433e-01 -8.91781747e-01  2.00068876e-01
  4.08665121e-01  5.36337554e-01 -3.17075491e-01 -4.98591810e-01
  8.41527045e-01  3.29739213e-01 -9.53921497e-01 -6.13145709e-01
 -1.04789186e+00  2.07089520e+00 -1.10749602e+00  6.05709076e-01
 -7.25497961e-01 -3.85136724e-01 -4.79924858e-01 -2.77874231e-01
 -2.66689241e-01 -3.87681782e-01 -4.70498443e-01 -3.29031110e-01
 -2.72225082e-01 -8.08818877e-01  1.27260819e-01 -1.27145154e-02
  5.12322664e-01 -3.94549847e-01 -4.84014630e-01 -3.03381383e-01
 -8.55349243e-01 -7.47741401e-01 -7.55511940e-01 -3.13762754e-01
 -5.09565532e-01 -2.75850862e-01  6.99622557e-02  1.11823849e-01
  6.77208185e-01  5.60891688e-01  6.01914167e-01  9.20800030e-01
  9.31986511e-01  7.82722652e-01  2.88290977e-01 -6.56408727e-01
 -7.05642879e-01 -7.31028080e-01  1.85686186e-01  2.33380035e-01
  1.10005164e+00 -1.64734316e+00  1.26596987e+00 -4.74459201e-01
  1.17160046e+00 -5.78825474e-01 -5.47968745e-01 -5.82649291e-01
 -5.30455709e-01 -5.03756642e-01 -4.88109976e-01 -5.03425360e-01
 -5.30455709e-01 -6.70454264e-01 -1.52315944e-01 -5.24855196e-01
  2.92752504e-01  1.23820178e-01 -1.08237243e+00 -1.08014524e+00
 -1.05376852e+00  7.25668609e-01  8.58379781e-01 -1.32386518e+00
  5.38533866e-01  4.64486927e-01  3.20225090e-01  4.97041106e-01
 -5.45445025e-01 -7.70984948e-01 -5.46621859e-01  1.29687262e+00
  1.03771985e+00  3.69356751e-01 -9.03090835e-01  8.98875594e-01
  1.16261713e-01  1.06375635e-01 -4.08510089e-01 -4.71374035e-01
 -1.37006330e+00 -1.37006330e+00  1.01217794e+00  1.07038951e+00
  9.78298366e-01  4.77802843e-01  3.21155906e-01 -1.60056090e+00
 -1.52094495e+00  8.35903943e-01  5.44575453e-01  3.90210927e-01
  1.11017458e-01 -3.35372388e-01 -5.16700864e-01  3.91945332e-01
  8.20081472e-01  5.55827916e-01  5.80952704e-01  5.29125810e-01
  6.76077962e-01  6.49403036e-01 -6.96166232e-02 -7.41033018e-01
  3.07087839e-01 -4.14593011e-01  7.59555176e-02  6.09363079e-01
  6.39741063e-01  5.78805208e-01  5.24411857e-01  1.60350263e+00
  4.71597731e-01  9.40150544e-02 -5.29000424e-02 -1.91525638e-01
 -1.03654362e-01  1.30205350e-02 -1.50175422e-01  1.62669614e-01
 -2.69241750e-01 -2.13266581e-01  2.48269603e-01 -1.68137297e-01
 -1.61952153e-01  8.90561119e-02  6.56239539e-02 -1.06588125e-01
  6.63027525e-01 -1.08081996e+00  2.37925109e-02  1.93592870e+00
 -3.92811954e-01  4.02676582e-01 -1.28767598e+00 -1.08103943e+00
 -1.18705273e+00 -3.47470492e-01 -3.28534186e-01  3.70470047e-01
  5.31346500e-01 -3.61499906e-01 -3.68426263e-01  5.78120470e-01
  6.70823812e-01  4.56566393e-01 -1.45873383e-01 -2.40514234e-01
 -9.67036709e-02 -1.05445646e-01  9.75998580e-01  1.63518465e+00
 -3.85740578e-01  2.56210625e-01  1.73199683e-01 -3.28066885e-01
 -3.61701101e-01 -3.18928242e-01 -4.70916808e-01 -3.21757495e-01
 -7.21924543e-01 -4.32585239e-01 -3.65365535e-01  6.36098325e-01
  6.61060631e-01  1.25730440e-01  3.21271904e-02 -2.78443038e-01
 -3.69243205e-01 -3.11554968e-01 -2.45725393e-01 -4.34092879e-01
 -3.99738073e-01 -2.87113369e-01 -3.57456535e-01 -1.17676012e-01
  4.24462885e-01  3.61840189e-01  2.54865050e-01 -7.17272937e-01
 -3.36644799e-01  9.08688962e-01  9.13505554e-01 -6.31574392e-01
 -9.63272333e-01  5.88439167e-01  8.17186117e-01  8.42285872e-01
  7.18593657e-01  3.50437194e-01  8.00046697e-02  3.46017092e-01
  2.51137912e-01 -8.83953512e-01 -3.28079432e-01  6.03691697e-01
 -7.29557812e-01 -5.07588506e-01 -1.89786941e-01 -6.51679114e-02
 -3.04075956e-01 -2.87585948e-02 -3.00356597e-01 -2.02406958e-01
 -5.06890714e-01  1.15105367e+00  9.40392196e-01  6.16229296e-01
  4.07912105e-01  5.48311293e-01  1.94613054e-01  1.12927288e-01
  1.34282067e-01  1.84044942e-01  8.52317587e-02  3.79307754e-02
  5.65714110e-03  5.90123355e-01  5.57211339e-01  2.67315537e-01
  3.44219208e-01]","[ 1.31616664e+00  1.27552319e+00  1.58034909e+00  1.93597901e+00
  2.39829803e+00  1.91057682e+00  3.25483114e-01  1.51938355e+00
  1.43809676e+00 -8.37934971e-01  3.66126508e-01 -5.12787640e-01
 -1.53395379e+00 -5.78833282e-01 -1.42218447e+00 -1.92514682e+00
 -1.15292180e+00 -1.42726481e+00 -8.60318020e-02 -6.95683122e-01
  7.52238929e-01 -3.60374928e-01 -3.01470216e-02 -6.57098666e-02
 -1.39678216e+00  1.26536214e+00  9.04651642e-01 -1.06147385e+00
 -1.24944985e+00  6.09987080e-01  1.34156883e+00  8.58928204e-01
 -2.11820292e+00 -1.49331033e+00 -1.47298872e+00 -4.53881696e-02
 -5.22948503e-01  3.08180638e-02  6.91273868e-01 -1.19356513e+00
 -1.07671523e+00  1.08246684e+00 -8.32854688e-01 -8.32854688e-01
  1.23996031e+00 -2.84168452e-01 -2.02881426e-01 -1.99627280e+00
 -1.30533457e+00 -4.82305080e-01 -3.14650983e-01 -1.46790826e+00
 -1.18848455e+00 -4.03078683e-02 -7.00763404e-01 -3.60374928e-01
 -4.51822549e-01  5.33780634e-01 -3.40053231e-01  5.54102302e-01
  3.00080895e-01 -1.43234527e+00  3.71206820e-01 -2.08264017e+00
  1.05198407e+00  1.03166234e+00 -1.82559729e-01 -5.53431034e-01
 -3.70535761e-01  7.82721519e-01  9.04651642e-01  1.27552319e+00
  6.96354389e-01 -6.75361454e-01 -5.58511555e-01 -3.14650983e-01
 -9.03980613e-01 -1.05131304e+00 -7.00763404e-01  8.53847682e-01
  7.87802041e-01  1.14343190e+00 -4.16259468e-01  7.82721519e-01
  5.64263165e-01  1.10786915e+00 -2.84168452e-01  5.08378386e-01
  1.97662234e+00  6.91273868e-01  2.17983937e+00 -1.78797519e+00
  2.34035254e-01  7.06515253e-01  1.67989627e-01  5.13458908e-01
  1.16375363e+00  1.98472410e-01 -4.03078683e-02  1.17185384e-01
 -1.36836037e-01 -4.82305080e-01  1.37713170e+00  6.65871620e-01
  5.99826217e-01  6.45549953e-01  5.99826217e-01  6.65871620e-01
  5.33780634e-01 -4.77224797e-01 -4.51822549e-01  1.47667930e-01
  1.83231011e-01  3.25483114e-01  5.62203042e-02  9.68636945e-02
  4.09789123e-02 -3.24811846e-01 -7.76969910e-01 -1.26675189e-01
  1.08754742e+00  1.27346233e-01  9.65617239e-01  8.03043187e-01
  4.22011048e-01  1.55769140e-02  5.38860917e-01 -1.49056287e-02
 -6.57098666e-02 -9.82532557e-03 -1.20880628e+00 -1.39678216e+00
  5.38860917e-01 -8.88739467e-01 -9.59865391e-01 -7.92211294e-01
  1.37507081e-01 -8.32854688e-01  1.01944238e-01 -7.71889627e-01
 -6.70280874e-01 -6.09315813e-01 -5.17868161e-01 -5.43270171e-01
 -7.10924268e-01 -4.56902862e-01  3.66126508e-01 -2.28283659e-01
 -3.09570432e-01  5.38860917e-01 -1.10211754e+00 -1.29009330e+00
 -9.44624007e-01 -1.03607190e+00 -1.29517376e+00 -7.71889627e-01
 -1.97801128e-01 -6.29637480e-01 -7.58707151e-02 -1.19356513e+00
 -1.17324340e+00 -3.40053231e-01  5.79504550e-01  1.52748480e-01
 -2.84168452e-01 -1.42218447e+00  1.01134074e+00 -1.02591097e+00
 -8.32854688e-01 -1.41202343e+00 -1.78797519e+00 -1.68128633e+00
 -1.86418164e+00 -1.84386003e+00 -1.53395379e+00 -1.38154089e+00
 -1.23420858e+00 -1.64572322e+00 -1.51363206e+00 -1.12243915e+00
 -3.40053231e-01 -8.63337219e-01 -7.56648242e-01 -6.19476676e-01
 -3.75616074e-01 -8.48096073e-01 -2.28283659e-01 -6.95683122e-01
 -9.34463143e-01 -9.80187118e-01 -9.70026255e-01 -2.48605356e-01
 -2.15376616e+00 -1.34089756e+00 -1.49839079e+00 -1.61524069e+00
  1.04690397e+00  2.07315040e+00  1.08246684e+00  7.14616925e-02
  1.36697102e+00  1.27552319e+00  1.16375363e+00  1.11294961e+00
  1.67179644e+00  6.55710757e-01  3.00080895e-01  1.67179644e+00
 -9.75106776e-01 -1.17324340e+00  5.11399992e-02 -2.63846755e-01
  6.04906559e-01 -4.16259468e-01  3.96609068e-01  7.87802041e-01
  6.15067422e-01  1.30092549e+00  4.57574129e-01  4.93137211e-01
  6.35389090e-01  4.11850214e-01 -1.80829704e+00 -1.11735868e+00
  8.84329975e-01  9.50375617e-01  8.28445435e-01  5.38860917e-01
 -4.92465943e-01  7.14616925e-02  1.52748480e-01 -2.28283659e-01
  4.09789123e-02  5.03298044e-01 -5.88994086e-01 -4.82305080e-01
 -6.09315813e-01 -9.80187118e-01 -9.49704528e-01 -6.60120070e-01
 -4.77224797e-01 -9.29382861e-01  3.86448205e-01 -1.36836037e-01
 -3.40053231e-01 -4.03078683e-02  6.25228226e-01  5.69343686e-01
  2.57377606e-02 -2.50664763e-02  6.96354389e-01 -2.02881426e-01
 -1.32565629e+00 -6.34718060e-01 -1.10211754e+00  4.88056690e-01
  1.16375363e+00  1.05706465e+00  3.55965674e-01  7.31917262e-01
 -9.14141476e-01  2.25604606e+00 -2.28283659e-01  2.84839481e-01
  2.12903523e+00  8.33525956e-01  1.11294961e+00  3.61045957e-01
  1.41777503e+00 -1.10211754e+00 -1.02083051e+00  3.30563426e-01
  3.86448205e-01  1.90041566e+00 -1.17832375e+00  2.57377606e-02
 -1.99861731e-02  1.57828778e-01  3.55965674e-01  4.82976377e-01
  2.08633259e-01 -2.28283659e-01  8.16225410e-02 -3.01470216e-02
  4.09789123e-02 -2.07961977e-01  3.50885123e-01 -4.36581165e-01
 -1.13260007e+00 -9.59865391e-01  1.07230628e+00  5.49021780e-01
  6.09987080e-01  9.17833894e-02  1.18407536e+00  1.02150178e+00
  1.21455812e+00  8.84329975e-01  1.03166234e+00  1.31108606e+00
  2.34035254e-01  3.15322280e-01 -1.21388686e+00 -1.01272956e-01
 -5.94074667e-01  1.55769140e-02  1.57828778e-01 -9.11121070e-02
  1.78150713e-01 -1.11735868e+00 -1.22404766e+00  4.11850214e-01
  3.91528517e-01 -4.01018322e-01  3.15322280e-01  2.24080443e+00
  9.14812744e-01 -5.43270171e-01  1.29584491e+00  7.31917262e-01
 -1.31755501e-01  1.27346233e-01  6.45549953e-01  5.41606639e-03
  1.13327134e+00 -1.48822999e+00  4.22011048e-01 -2.50664763e-02
 -5.73752701e-01 -9.11121070e-02 -2.38444507e-01  3.45804811e-01
  1.93391860e-01 -1.59999943e+00 -7.87130773e-01 -7.16004848e-01
 -1.23420858e+00  6.45549953e-01 -9.70026255e-01  2.79759198e-01
 -1.40186262e+00  3.58986072e-02 -7.41407037e-01 -2.15376616e+00
  1.42587632e-01 -7.71889627e-01  9.68636945e-02  2.39115804e-01
 -2.74007589e-01 -6.06295615e-02  1.67989627e-01  2.03552708e-01
  1.88311562e-01  2.84839481e-01  4.93137211e-01  3.30563426e-01
 -3.34972680e-01  3.45804811e-01  6.65871620e-01  4.06769902e-01
  1.57828778e-01  9.04651642e-01  5.64263165e-01 -1.02591097e+00
  9.09732223e-01  1.12311029e+00  8.08123708e-01 -6.09315813e-01
  3.30563426e-01 -3.24811846e-01 -1.65588403e+00 -2.16900754e+00
 -1.06655443e+00 -6.95683122e-01 -5.73752701e-01 -1.05131304e+00
 -8.07452440e-01 -7.31246233e-01 -6.19476676e-01 -6.39798343e-01
  3.25483114e-01  1.37507081e-01  1.32426783e-01 -1.52077183e-01
  2.10363317e+00  6.45549953e-01  8.53847682e-01  9.30053890e-01
  1.12105086e-01 -8.93819749e-01  1.32426783e-01 -3.65455240e-01
 -5.99154949e-01 -2.89248765e-01 -8.78578603e-01 -2.99409598e-01
 -4.36581165e-01  3.25483114e-01 -4.77224797e-01  3.96609068e-01
 -1.27485192e+00  4.62654680e-01  2.59437501e-01  2.68788218e+00
  2.29160881e+00  1.30092549e+00  1.20947754e+00 -6.65200591e-01
 -2.99409598e-01 -1.38662136e+00  1.58034909e+00  1.67179644e+00
 -3.80696625e-01  4.52493846e-01  7.16676116e-01  1.35680997e+00
  6.55710757e-01  2.59643483e+00  1.07230628e+00 -9.82532557e-03
  2.18794107e-01  6.04906559e-01 -3.01470216e-02 -1.16308260e+00
  5.74424028e-01  1.22265935e-01 -1.05639362e+00 -8.27774167e-01
 -1.20880628e+00 -9.80187118e-01 -6.75361454e-01 -8.07452440e-01
 -2.84168452e-01  1.01944238e-01 -1.04623270e+00 -1.26977146e+00
 -9.85267639e-01 -9.85267639e-01 -1.36629963e+00 -1.17832375e+00
 -1.09703696e+00 -1.66604495e+00  1.04690397e+00 -6.90602601e-01
  4.82976377e-01  2.23874405e-01  9.68636945e-02  2.59437501e-01
 -3.52273248e-02  1.18407536e+00 -1.18848455e+00 -6.44878864e-01
  1.27346233e-01 -4.72144246e-01  9.19893324e-01 -4.51822549e-01
 -4.56902862e-01 -7.61728764e-01  2.11887431e+00  2.27636766e+00
  1.78864658e+00  1.76324439e+00  1.74292266e+00  2.19000053e+00
  8.69088829e-01  2.08331132e+00  8.69088829e-01  8.79249930e-01
  1.17391467e+00  5.43941438e-01  3.55965674e-01 -2.63846755e-01
 -1.17324340e+00 -1.43234527e+00 -7.56648242e-01 -1.62238032e-01
 -1.09703696e+00 -4.82305080e-01  6.35389090e-01 -1.31549537e+00
  1.82420945e+00  4.82976377e-01  3.91528517e-01  7.14616925e-02
 -3.34972680e-01  1.56002688e+00  2.13713557e-01  2.44196102e-01
  2.59437501e-01  2.79965186e+00  1.47667930e-01  8.16225410e-02
 -9.44624007e-01 -1.62238032e-01  1.04963686e-02  5.13458908e-01
 -3.24811846e-01  5.41606639e-03 -8.60318020e-02 -9.61926505e-02
  7.06515253e-01 -2.43525058e-01 -4.82305080e-01  2.39115804e-01
  1.12105086e-01  7.77641177e-01 -3.09570432e-01  5.18539250e-01
 -5.38189888e-01 -2.33364210e-01  2.57377606e-02  3.71206820e-01
 -9.14141476e-01  8.08123708e-01 -2.28283659e-01 -1.49056287e-02
  1.07024543e-01  2.15443707e+00  2.06298971e+00 -1.34089756e+00
 -8.63337219e-01  8.38606536e-01  4.57574129e-01 -6.90602601e-01
 -1.05639362e+00 -1.50855160e+00 -3.50214064e-01 -8.88739467e-01
 -9.85267639e-01 -9.09061193e-01 -7.58707151e-02 -3.75616074e-01
  7.65419975e-02 -2.07961977e-01 -4.74478118e-03 -3.60374928e-01
 -6.49959207e-01  1.78150713e-01  4.47413296e-01  1.73070163e-01
  5.11399992e-02  9.17833894e-02 -8.68417799e-01  3.76287371e-01
  3.58986072e-02  1.05198407e+00 -8.32854688e-01 -1.69652760e+00
  5.59182882e-01 -2.00135326e+00 -1.91498590e+00 -2.68927068e-01
 -1.46996886e-01  7.52238929e-01  3.71206820e-01  9.19893324e-01
  2.23874405e-01  1.57828778e-01  1.70735979e+00  1.01944238e-01
  8.58928204e-01 -2.99409598e-01  4.09789123e-02 -1.34089756e+00
 -9.90347922e-01 -1.07163477e+00 -1.77273393e+00  5.08378386e-01
 -2.33364210e-01 -1.84894037e+00 -1.66096449e+00 -1.05639362e+00
 -1.32565629e+00 -8.88739467e-01 -7.10924268e-01 -6.29637480e-01
  3.86448205e-01  7.16676116e-01  1.83231011e-01  1.54986632e+00
  1.01134074e+00  9.30053890e-01  6.86193585e-01  7.01434731e-01
  4.88056690e-01  1.07024543e-01  9.80858386e-01  1.00118005e+00
  4.22011048e-01 -1.87640280e-01  6.15067422e-01 -4.74478118e-03
  6.55710757e-01  1.88311562e-01 -1.31755501e-01 -1.25961065e+00
  1.04963686e-02 -1.26469111e+00 -4.82305080e-01 -1.77479431e-01
 -9.82532557e-03  6.63811490e-02 -4.56902862e-01 -1.38154089e+00
 -7.92211294e-01 -5.17868161e-01 -5.17868161e-01  1.52748480e-01
 -2.15884638e+00 -1.29009330e+00 -1.37646055e+00 -1.43742573e+00
 -9.61926505e-02 -1.35613883e+00 -7.36326516e-01  1.11802971e+00
 -1.09195638e+00 -9.44624007e-01 -4.92465943e-01 -7.21085370e-01
 -3.75616074e-01  1.51938355e+00  1.01134074e+00  5.99826217e-01
 -1.31755501e-01  5.79504550e-01 -4.74478118e-03 -2.48605356e-01
  8.58928204e-01  5.33780634e-01  8.33525956e-01 -5.94074667e-01
  3.50885123e-01  8.13204288e-01  9.40214992e-01 -4.11179155e-01
 -5.53431034e-01 -4.01018322e-01 -8.07452440e-01  1.46857953e+00
  1.42793620e+00  1.46857953e+00  1.49398184e+00  1.10786915e+00
  8.64008248e-01  2.24080443e+00  4.67734993e-01 -1.01066959e+00
  7.77641177e-01  5.99826217e-01  3.05161417e-01  3.00080895e-01
 -3.60374928e-01 -7.05843985e-01 -5.02626777e-01 -9.61926505e-02
 -1.03099132e+00 -1.49839079e+00 -8.60318020e-02 -1.08687615e+00
  3.05161417e-01  5.54102302e-01  1.08754742e+00  6.45549953e-01
  3.86448205e-01  4.67734993e-01 -1.87640280e-01 -7.46487379e-01
 -1.20880628e+00 -9.82532557e-03  1.55769140e-02  3.00080895e-01
  3.45804811e-01  5.79504550e-01  3.86448205e-01  1.46857953e+00
  1.30600548e+00 -1.26469111e+00 -1.20372593e+00 -9.54784870e-01
 -4.26420301e-01 -6.55039728e-01 -2.99409598e-01  9.68636945e-02
 -1.18848455e+00 -7.71889627e-01 -8.60318020e-02  1.98472410e-01
  3.05161417e-01  4.57574129e-01  3.35521385e-04  1.67989627e-01
  1.47667930e-01  7.06515253e-01 -3.34972680e-01  1.67989627e-01
 -1.58475816e+00 -1.87640280e-01 -4.74478118e-03  1.27346233e-01
  5.62203042e-02  5.11399992e-02 -8.78578603e-01 -6.09315813e-01
  7.87802041e-01  5.03298044e-01 -1.06655443e+00 -1.17324340e+00
 -1.36121929e+00  1.72260094e+00 -3.90857458e-01  5.41606639e-03
 -6.95683122e-01 -6.49959207e-01 -6.80441737e-01 -1.06147385e+00
 -9.70026255e-01 -5.99154949e-01 -3.14650983e-01 -7.87130773e-01
 -8.17613304e-01 -1.24944985e+00 -3.29892129e-01 -3.80696625e-01
 -3.60374928e-01  4.22011048e-01 -2.18122825e-01 -2.13042513e-01
 -8.68417799e-01 -6.60120070e-01 -7.71889627e-01 -7.26165652e-01
 -7.76969910e-01 -6.80441737e-01  8.28445435e-01  4.11850214e-01
 -6.90602601e-01  1.04963686e-02 -5.17868161e-01  9.60536718e-01
  4.77895826e-01  8.58928204e-01  5.38860917e-01 -2.58766204e-01
 -6.65200591e-01 -8.73498082e-01 -2.48605356e-01 -3.40053231e-01
  6.65871620e-01 -1.82353830e+00  7.31917262e-01 -6.34718060e-01
  4.47413296e-01  3.76287371e-01 -5.63591897e-01 -1.03099132e+00
  1.31616664e+00 -6.90602601e-01  4.32172149e-01  5.74424028e-01
 -1.57157734e-01 -5.07707357e-01 -3.09570432e-01 -1.54411471e+00
  9.50375617e-01  2.47958469e+00  3.00080895e-01 -1.31755501e-01
  3.00080895e-01 -5.28029025e-01 -6.80441737e-01 -9.19221997e-01
  1.66163588e+00  9.96099532e-01 -3.60374928e-01 -6.55039728e-01
  1.47667930e-01 -1.70668840e+00 -9.59865391e-01  3.96609068e-01
  2.08839202e+00  3.76287371e-01 -1.88450336e+00  2.08839202e+00
  1.98472410e-01  3.08180638e-02 -1.00050879e+00 -9.34463143e-01
 -9.64945734e-01 -6.39798343e-01  7.67480373e-01  9.04651642e-01
  6.35389090e-01  6.55710757e-01  4.88056690e-01 -4.82305080e-01
 -5.12787640e-01  1.91057682e+00  5.23619771e-01  3.61045957e-01
 -6.06295615e-02  4.60594557e-02 -1.03099132e+00  6.35389090e-01
  1.18407536e+00  9.55456138e-01  5.79504550e-01  1.39237285e+00
  1.27552319e+00  1.06722569e+00 -5.38189888e-01  1.67179644e+00
 -5.22948503e-01 -6.34718060e-01 -8.88739467e-01  1.97662234e+00
  2.02742648e+00  1.74800324e+00  1.46857953e+00  5.54102302e-01
 -4.36581165e-01  4.62654680e-01  3.10241729e-01 -9.49704528e-01
  3.50885123e-01 -8.12533021e-01 -7.21085370e-01 -8.68417799e-01
 -9.59865391e-01 -7.10924268e-01 -1.43234527e+00  3.86448205e-01
 -1.56951690e+00 -3.80696625e-01 -7.36326516e-01 -9.49704528e-01
  6.30308807e-01 -1.48314953e+00 -1.00050879e+00  1.11294961e+00
 -5.99154949e-01  4.88056690e-01 -2.84168452e-01 -4.53881696e-02
 -1.49331033e+00  3.35521385e-04 -9.95428503e-01  4.37252432e-01
  4.82976377e-01  4.09789123e-02 -3.55294377e-01  6.76032484e-01
  5.43941438e-01  9.65617239e-01 -9.19221997e-01 -6.55039728e-01
 -3.70535761e-01 -2.07961977e-01 -5.55490181e-02  8.84329975e-01
  2.57377606e-02  3.58986072e-02  6.91273868e-01 -8.88739467e-01
 -6.85522258e-01 -5.73752701e-01 -9.64945734e-01 -8.07452440e-01
 -5.38189888e-01 -1.20372593e+00 -8.98900330e-01  4.82976377e-01
  5.33780634e-01  3.20402563e-01 -1.73209047e+00 -7.36326516e-01
 -7.56648242e-01 -8.68417799e-01 -7.56648242e-01 -1.04623270e+00
 -4.92465943e-01 -5.12787640e-01 -5.63591897e-01 -6.80441737e-01
 -1.21594645e-01  9.19893324e-01 -2.48605356e-01 -2.17916822e+00
 -1.75241220e+00  1.47667930e-01  4.60594557e-02 -1.23420858e+00
 -2.05215764e+00 -4.53881696e-02  1.04963686e-02  1.93391860e-01
  7.82721519e-01 -6.65200591e-01 -6.65200591e-01  4.62654680e-01
  1.88311562e-01 -1.63556230e+00 -6.49959207e-01  1.13327134e+00
  1.21455812e+00 -8.48096073e-01 -5.83913565e-01 -8.48096073e-01
 -8.32854688e-01  3.81367654e-01 -5.48350751e-01 -1.99861731e-02
  6.63811490e-02  1.93089843e+00  1.82420945e+00  1.82420945e+00
  1.46857953e+00  1.97154188e+00 -8.63337219e-01 -1.46996886e-01
 -1.26675189e-01 -7.07904100e-02  6.65871620e-01 -1.72398880e-01
 -4.53881696e-02  2.19000053e+00  1.05706465e+00  1.39237285e+00
  6.25228226e-01]","[[ 1.6226348  -2.438927   -0.5301489  ... -0.9281977  -2.630218
   1.7189149 ]
 [ 1.4618763  -2.250227   -0.59350944 ... -0.91346675 -2.3493075
   2.2611327 ]
 [ 1.8394171  -3.6227012  -0.9196739  ...  3.8626556  -1.8897375
  -0.55386126]
 ...
 [-4.664351    1.8181652  -1.5571866  ...  5.6721306  -1.2949312
  -0.8685295 ]
 [ 1.2445036   1.3484021  -0.13632932 ...  0.01980948 -1.0761145
  -1.3321803 ]
 [ 2.4244406  -1.6469027  -1.3615397  ... -0.8510964  -1.5917313
   0.43292487]]",[],[]
